member,layer,mean_speed,n_faces
nowaves,0,0.040354,4043
nowaves,1,0.048544,4043
nowaves,2,0.053190,4043
nowaves,3,0.056344,4043
nowaves,4,0.058712,4043
nowaves,5,0.060657,4043
nowaves,6,0.062485,4043
nowaves,7,0.064600,4043
nowaves,8,0.067821,4043
nowaves,9,0.074587,4043
nowaves_vr,0,0.038912,4043
nowaves_vr,1,0.046644,4043
nowaves_vr,2,0.051040,4043
nowaves_vr,3,0.054030,4043
nowaves_vr,4,0.056279,4043
nowaves_vr,5,0.058134,4043
nowaves_vr,6,0.059894,4043
nowaves_vr,7,0.061957,4043
nowaves_vr,8,0.065145,4043
nowaves_vr,9,0.071918,4043
nodm,0,0.038735,4043
nodm,1,0.047882,4043
nodm,2,0.053098,4043
nodm,3,0.056643,4043
nodm,4,0.059312,4043
nodm,5,0.061531,4043
nodm,6,0.063669,4043
nodm,7,0.066251,4043
nodm,8,0.070404,4043
nodm,9,0.080136,4043
nodm_vr,0,0.037865,4043
nodm_vr,1,0.046416,4043
nodm_vr,2,0.051303,4043
nodm_vr,3,0.054626,4043
nodm_vr,4,0.057128,4043
nodm_vr,5,0.059215,4043
nodm_vr,6,0.061246,4043
nodm_vr,7,0.063738,4043
nodm_vr,8,0.067808,4043
nodm_vr,9,0.077512,4043
bl,0,0.022705,4043
bl,1,0.036414,4043
bl,2,0.045803,4043
bl,3,0.052340,4043
bl,4,0.057152,4043
bl,5,0.061572,4043
bl,6,0.067187,4043
bl,7,0.074994,4043
bl,8,0.085544,4043
bl,9,0.100302,4043
vr,0,0.020551,4043
vr,1,0.031209,4043
vr,2,0.037595,4043
vr,3,0.041286,4043
vr,4,0.043320,4043
vr,5,0.045006,4043
vr,6,0.047930,4043
vr,7,0.053255,4043
vr,8,0.062275,4043
vr,9,0.077506,4043
