datetime_utc,datetime_cet,dir_deg,speed_ms,speed_10m
2025-06-30 23:10:00,2025-07-01 00:10:00,103.9,1.5,1.7255653629725782
2025-06-30 23:20:00,2025-07-01 00:20:00,84.9,1.9,2.1857161264319322
2025-06-30 23:30:00,2025-07-01 00:30:00,86.9,2.0,2.300753817296771
2025-06-30 23:40:00,2025-07-01 00:40:00,90.7,1.3,1.4954899812429012
2025-06-30 23:50:00,2025-07-01 00:50:00,96.9,1.6,1.840603053837417
2025-07-01 00:00:00,2025-07-01 01:00:00,96.2,1.7,1.9556407447022552
2025-07-01 00:10:00,2025-07-01 01:10:00,101.1,1.9,2.1857161264319322
2025-07-01 00:20:00,2025-07-01 01:20:00,97.3,1.7,1.9556407447022552
2025-07-01 00:30:00,2025-07-01 01:30:00,99.8,1.8,2.070678435567094
2025-07-01 00:40:00,2025-07-01 01:40:00,104.4,1.8,2.070678435567094
2025-07-01 00:50:00,2025-07-01 01:50:00,103.8,2.0,2.300753817296771
2025-07-01 01:00:00,2025-07-01 02:00:00,107.4,1.8,2.070678435567094
2025-07-01 01:10:00,2025-07-01 02:10:00,101.0,1.3,1.4954899812429012
2025-07-01 01:20:00,2025-07-01 02:20:00,101.8,1.4,1.6105276721077395
2025-07-01 01:30:00,2025-07-01 02:30:00,98.1,2.2,2.5308291990264484
2025-07-01 01:40:00,2025-07-01 02:40:00,95.1,1.8,2.070678435567094
2025-07-01 01:50:00,2025-07-01 02:50:00,102.2,1.4,1.6105276721077395
2025-07-01 02:00:00,2025-07-01 03:00:00,94.5,1.2,1.3804522903780625
2025-07-01 02:10:00,2025-07-01 03:10:00,85.2,1.6,1.840603053837417
2025-07-01 02:20:00,2025-07-01 03:20:00,103.6,1.9,2.1857161264319322
2025-07-01 02:30:00,2025-07-01 03:30:00,106.5,1.7,1.9556407447022552
2025-07-01 02:40:00,2025-07-01 03:40:00,109.5,2.0,2.300753817296771
2025-07-01 02:50:00,2025-07-01 03:50:00,109.7,2.0,2.300753817296771
2025-07-01 03:00:00,2025-07-01 04:00:00,114.7,2.0,2.300753817296771
2025-07-01 03:10:00,2025-07-01 04:10:00,113.4,2.5,2.8759422716209637
2025-07-01 03:20:00,2025-07-01 04:20:00,110.4,2.4,2.760904580756125
2025-07-01 03:30:00,2025-07-01 04:30:00,106.9,2.2,2.5308291990264484
2025-07-01 03:40:00,2025-07-01 04:40:00,109.6,2.2,2.5308291990264484
2025-07-01 03:50:00,2025-07-01 04:50:00,105.0,2.0,2.300753817296771
2025-07-01 04:00:00,2025-07-01 05:00:00,101.0,1.6,1.840603053837417
2025-07-01 04:10:00,2025-07-01 05:10:00,119.5,1.9,2.1857161264319322
2025-07-01 04:20:00,2025-07-01 05:20:00,117.8,2.0,2.300753817296771
2025-07-01 04:30:00,2025-07-01 05:30:00,115.7,1.6,1.840603053837417
2025-07-01 04:40:00,2025-07-01 05:40:00,92.1,0.9,1.035339217783547
2025-07-01 04:50:00,2025-07-01 05:50:00,104.9,2.3,2.6458668898912863
2025-07-01 05:00:00,2025-07-01 06:00:00,109.3,1.8,2.070678435567094
2025-07-01 05:10:00,2025-07-01 06:10:00,118.8,1.3,1.4954899812429012
2025-07-01 05:20:00,2025-07-01 06:20:00,116.1,1.0,1.1503769086483855
2025-07-01 05:30:00,2025-07-01 06:30:00,86.0,1.1,1.2654145995132242
2025-07-01 05:40:00,2025-07-01 06:40:00,72.6,0.8,0.9203015269187085
2025-07-01 05:50:00,2025-07-01 06:50:00,55.3,0.4,0.46015076345935424
2025-07-01 06:00:00,2025-07-01 07:00:00,45.2,0.5,0.5751884543241927
2025-07-01 06:10:00,2025-07-01 07:10:00,28.6,0.7,0.8052638360538698
2025-07-01 06:20:00,2025-07-01 07:20:00,12.3,0.9,1.035339217783547
2025-07-01 06:30:00,2025-07-01 07:30:00,11.7,1.1,1.2654145995132242
2025-07-01 06:40:00,2025-07-01 07:40:00,346.1,1.2,1.3804522903780625
2025-07-01 06:50:00,2025-07-01 07:50:00,330.3,1.5,1.7255653629725782
2025-07-01 07:00:00,2025-07-01 08:00:00,335.2,1.5,1.7255653629725782
2025-07-01 07:10:00,2025-07-01 08:10:00,353.1,1.7,1.9556407447022552
2025-07-01 07:20:00,2025-07-01 08:20:00,346.6,2.5,2.8759422716209637
2025-07-01 07:30:00,2025-07-01 08:30:00,346.9,3.0,3.4511307259451565
2025-07-01 07:40:00,2025-07-01 08:40:00,350.4,3.8,4.3714322528638645
2025-07-01 07:50:00,2025-07-01 08:50:00,352.8,4.1,4.71654532545838
2025-07-01 08:00:00,2025-07-01 09:00:00,352.0,4.2,4.831583016323219
2025-07-01 08:10:00,2025-07-01 09:10:00,348.1,5.0,5.751884543241927
2025-07-01 08:20:00,2025-07-01 09:20:00,347.4,5.0,5.751884543241927
2025-07-01 08:30:00,2025-07-01 09:30:00,348.4,5.0,5.751884543241927
2025-07-01 08:40:00,2025-07-01 09:40:00,349.2,5.3,6.096997615836443
2025-07-01 08:50:00,2025-07-01 09:50:00,347.5,5.5,6.32707299756612
2025-07-01 09:00:00,2025-07-01 10:00:00,351.5,6.0,6.902261451890313
2025-07-01 09:10:00,2025-07-01 10:10:00,350.9,5.9,6.787223761025475
2025-07-01 09:20:00,2025-07-01 10:20:00,350.4,5.6,6.442110688430958
2025-07-01 09:30:00,2025-07-01 10:30:00,350.0,5.8,6.6721860701606355
2025-07-01 09:40:00,2025-07-01 10:40:00,354.4,6.0,6.902261451890313
2025-07-01 09:50:00,2025-07-01 10:50:00,353.7,5.6,6.442110688430958
2025-07-01 10:00:00,2025-07-01 11:00:00,353.0,5.8,6.6721860701606355
2025-07-01 10:10:00,2025-07-01 11:10:00,346.3,5.8,6.6721860701606355
2025-07-01 10:20:00,2025-07-01 11:20:00,347.5,5.8,6.6721860701606355
2025-07-01 10:30:00,2025-07-01 11:30:00,354.2,6.1,7.017299142755151
2025-07-01 10:40:00,2025-07-01 11:40:00,357.9,6.5,7.477449906214506
2025-07-01 10:50:00,2025-07-01 11:50:00,357.9,7.2,8.282713742268376
2025-07-01 11:00:00,2025-07-01 12:00:00,355.4,6.7,7.707525287944183
2025-07-01 11:10:00,2025-07-01 12:10:00,355.3,7.0,8.052638360538698
2025-07-01 11:20:00,2025-07-01 12:20:00,354.6,7.1,8.167676051403536
2025-07-01 11:30:00,2025-07-01 12:30:00,352.5,7.1,8.167676051403536
2025-07-01 11:40:00,2025-07-01 12:40:00,352.8,7.3,8.397751433133214
2025-07-01 11:50:00,2025-07-01 12:50:00,352.5,6.9,7.93760066967386
2025-07-01 12:00:00,2025-07-01 13:00:00,352.8,6.8,7.822562978809021
2025-07-01 12:10:00,2025-07-01 13:10:00,350.7,6.8,7.822562978809021
2025-07-01 12:20:00,2025-07-01 13:20:00,351.8,6.9,7.93760066967386
2025-07-01 12:30:00,2025-07-01 13:30:00,352.4,7.0,8.052638360538698
2025-07-01 12:40:00,2025-07-01 13:40:00,350.0,6.8,7.822562978809021
2025-07-01 12:50:00,2025-07-01 13:50:00,353.7,6.8,7.822562978809021
2025-07-01 13:00:00,2025-07-01 14:00:00,354.9,7.2,8.282713742268376
2025-07-01 13:10:00,2025-07-01 14:10:00,355.5,7.1,8.167676051403536
2025-07-01 13:20:00,2025-07-01 14:20:00,354.8,7.0,8.052638360538698
2025-07-01 13:30:00,2025-07-01 14:30:00,356.2,7.3,8.397751433133214
2025-07-01 13:40:00,2025-07-01 14:40:00,353.4,7.6,8.742864505727729
2025-07-01 13:50:00,2025-07-01 14:50:00,356.3,7.6,8.742864505727729
2025-07-01 14:00:00,2025-07-01 15:00:00,355.6,7.5,8.62782681486289
2025-07-01 14:10:00,2025-07-01 15:10:00,354.1,7.5,8.62782681486289
2025-07-01 14:20:00,2025-07-01 15:20:00,354.2,7.9,9.087977578322246
2025-07-01 14:30:00,2025-07-01 15:30:00,352.7,7.6,8.742864505727729
2025-07-01 14:40:00,2025-07-01 15:40:00,358.2,7.9,9.087977578322246
2025-07-01 14:50:00,2025-07-01 15:50:00,353.8,8.0,9.203015269187084
2025-07-01 15:00:00,2025-07-01 16:00:00,353.3,8.0,9.203015269187084
2025-07-01 15:10:00,2025-07-01 16:10:00,357.7,7.9,9.087977578322246
2025-07-01 15:20:00,2025-07-01 16:20:00,359.5,8.3,9.5481283417816
2025-07-01 15:30:00,2025-07-01 16:30:00,3.6,8.3,9.5481283417816
2025-07-01 15:40:00,2025-07-01 16:40:00,2.3,8.5,9.778203723511277
2025-07-01 15:50:00,2025-07-01 16:50:00,2.5,8.8,10.123316796105794
2025-07-01 16:00:00,2025-07-01 17:00:00,0.6,8.3,9.5481283417816
2025-07-01 16:10:00,2025-07-01 17:10:00,3.4,8.6,9.893241414376115
2025-07-01 16:20:00,2025-07-01 17:20:00,10.2,8.6,9.893241414376115
2025-07-01 16:30:00,2025-07-01 17:30:00,7.6,8.6,9.893241414376115
2025-07-01 16:40:00,2025-07-01 17:40:00,6.3,8.4,9.663166032646439
2025-07-01 16:50:00,2025-07-01 17:50:00,6.1,7.1,8.167676051403536
2025-07-01 17:00:00,2025-07-01 18:00:00,5.2,7.9,9.087977578322246
2025-07-01 17:10:00,2025-07-01 18:10:00,10.5,7.5,8.62782681486289
2025-07-01 17:20:00,2025-07-01 18:20:00,14.0,7.3,8.397751433133214
2025-07-01 17:30:00,2025-07-01 18:30:00,18.7,6.8,7.822562978809021
2025-07-01 17:40:00,2025-07-01 18:40:00,18.1,6.5,7.477449906214506
2025-07-01 17:50:00,2025-07-01 18:50:00,19.7,7.0,8.052638360538698
2025-07-01 18:00:00,2025-07-01 19:00:00,19.7,6.5,7.477449906214506
2025-07-01 18:10:00,2025-07-01 19:10:00,19.7,6.4,7.362412215349668
2025-07-01 18:20:00,2025-07-01 19:20:00,22.3,6.4,7.362412215349668
2025-07-01 18:30:00,2025-07-01 19:30:00,24.0,5.9,6.787223761025475
2025-07-01 18:40:00,2025-07-01 19:40:00,32.0,5.0,5.751884543241927
2025-07-01 18:50:00,2025-07-01 19:50:00,33.7,4.1,4.71654532545838
2025-07-01 19:00:00,2025-07-01 20:00:00,49.5,2.5,2.8759422716209637
2025-07-01 19:10:00,2025-07-01 20:10:00,56.3,2.5,2.8759422716209637
2025-07-01 19:20:00,2025-07-01 20:20:00,60.8,1.9,2.1857161264319322
2025-07-01 19:30:00,2025-07-01 20:30:00,81.6,1.8,2.070678435567094
2025-07-01 19:40:00,2025-07-01 20:40:00,80.8,3.2,3.681206107674834
2025-07-01 19:50:00,2025-07-01 20:50:00,91.3,3.6,4.141356871134188
2025-07-01 20:00:00,2025-07-01 21:00:00,80.7,3.0,3.4511307259451565
2025-07-01 20:10:00,2025-07-01 21:10:00,68.2,3.1,3.566168416809995
2025-07-01 20:20:00,2025-07-01 21:20:00,78.6,2.9,3.3360930350803177
2025-07-01 20:30:00,2025-07-01 21:30:00,64.3,2.1,2.4157915081616097
2025-07-01 20:40:00,2025-07-01 21:40:00,80.0,1.7,1.9556407447022552
2025-07-01 20:50:00,2025-07-01 21:50:00,67.3,1.3,1.4954899812429012
2025-07-01 21:00:00,2025-07-01 22:00:00,47.7,1.1,1.2654145995132242
2025-07-01 21:10:00,2025-07-01 22:10:00,58.0,1.4,1.6105276721077395
2025-07-01 21:20:00,2025-07-01 22:20:00,58.9,1.4,1.6105276721077395
2025-07-01 21:30:00,2025-07-01 22:30:00,69.7,2.2,2.5308291990264484
2025-07-01 21:40:00,2025-07-01 22:40:00,57.5,2.8,3.221055344215479
2025-07-01 21:50:00,2025-07-01 22:50:00,81.3,2.5,2.8759422716209637
2025-07-01 22:00:00,2025-07-01 23:00:00,80.2,3.0,3.4511307259451565
2025-07-01 22:10:00,2025-07-01 23:10:00,79.1,1.3,1.4954899812429012
2025-07-01 22:20:00,2025-07-01 23:20:00,0.0,0.4,0.46015076345935424
2025-07-01 22:30:00,2025-07-01 23:30:00,204.1,0.7,0.8052638360538698
2025-07-01 22:40:00,2025-07-01 23:40:00,0.0,0.5,0.5751884543241927
2025-07-01 22:50:00,2025-07-01 23:50:00,73.4,0.9,1.035339217783547
2025-07-01 23:00:00,2025-07-02 00:00:00,113.2,1.1,1.2654145995132242
2025-07-01 23:10:00,2025-07-02 00:10:00,150.0,0.6,0.6902261451890312
2025-07-01 23:20:00,2025-07-02 00:20:00,203.0,1.1,1.2654145995132242
2025-07-01 23:30:00,2025-07-02 00:30:00,190.4,1.1,1.2654145995132242
2025-07-01 23:40:00,2025-07-02 00:40:00,169.6,0.9,1.035339217783547
2025-07-01 23:50:00,2025-07-02 00:50:00,190.0,0.8,0.9203015269187085
2025-07-02 00:00:00,2025-07-02 01:00:00,139.8,1.0,1.1503769086483855
2025-07-02 00:10:00,2025-07-02 01:10:00,118.6,0.9,1.035339217783547
2025-07-02 00:20:00,2025-07-02 01:20:00,169.1,0.9,1.035339217783547
2025-07-02 00:30:00,2025-07-02 01:30:00,178.4,0.9,1.035339217783547
2025-07-02 00:40:00,2025-07-02 01:40:00,185.3,1.0,1.1503769086483855
2025-07-02 00:50:00,2025-07-02 01:50:00,157.3,0.9,1.035339217783547
2025-07-02 01:00:00,2025-07-02 02:00:00,137.0,0.8,0.9203015269187085
2025-07-02 01:10:00,2025-07-02 02:10:00,141.8,1.1,1.2654145995132242
2025-07-02 01:20:00,2025-07-02 02:20:00,180.9,1.0,1.1503769086483855
2025-07-02 01:30:00,2025-07-02 02:30:00,170.5,0.8,0.9203015269187085
2025-07-02 01:40:00,2025-07-02 02:40:00,123.2,0.4,0.46015076345935424
2025-07-02 01:50:00,2025-07-02 02:50:00,128.2,0.6,0.6902261451890312
2025-07-02 02:00:00,2025-07-02 03:00:00,217.8,0.7,0.8052638360538698
2025-07-02 02:10:00,2025-07-02 03:10:00,207.2,1.1,1.2654145995132242
2025-07-02 02:20:00,2025-07-02 03:20:00,172.3,1.6,1.840603053837417
2025-07-02 02:30:00,2025-07-02 03:30:00,128.9,1.1,1.2654145995132242
2025-07-02 02:40:00,2025-07-02 03:40:00,162.6,0.7,0.8052638360538698
2025-07-02 02:50:00,2025-07-02 03:50:00,210.6,1.1,1.2654145995132242
2025-07-02 03:00:00,2025-07-02 04:00:00,232.1,1.1,1.2654145995132242
2025-07-02 03:10:00,2025-07-02 04:10:00,195.5,0.9,1.035339217783547
2025-07-02 03:20:00,2025-07-02 04:20:00,184.5,1.0,1.1503769086483855
2025-07-02 03:30:00,2025-07-02 04:30:00,140.6,1.2,1.3804522903780625
2025-07-02 03:40:00,2025-07-02 04:40:00,134.4,0.9,1.035339217783547
2025-07-02 03:50:00,2025-07-02 04:50:00,173.1,1.2,1.3804522903780625
2025-07-02 04:00:00,2025-07-02 05:00:00,139.5,1.4,1.6105276721077395
2025-07-02 04:10:00,2025-07-02 05:10:00,169.8,1.4,1.6105276721077395
2025-07-02 04:20:00,2025-07-02 05:20:00,131.6,1.9,2.1857161264319322
2025-07-02 04:30:00,2025-07-02 05:30:00,113.7,1.6,1.840603053837417
2025-07-02 04:40:00,2025-07-02 05:40:00,100.0,1.2,1.3804522903780625
2025-07-02 04:50:00,2025-07-02 05:50:00,102.5,1.0,1.1503769086483855
2025-07-02 05:00:00,2025-07-02 06:00:00,91.8,1.9,2.1857161264319322
2025-07-02 05:10:00,2025-07-02 06:10:00,86.9,2.0,2.300753817296771
2025-07-02 05:20:00,2025-07-02 06:20:00,78.3,2.1,2.4157915081616097
2025-07-02 05:30:00,2025-07-02 06:30:00,87.3,2.3,2.6458668898912863
2025-07-02 05:40:00,2025-07-02 06:40:00,104.1,2.3,2.6458668898912863
2025-07-02 05:50:00,2025-07-02 06:50:00,70.7,0.8,0.9203015269187085
2025-07-02 06:00:00,2025-07-02 07:00:00,11.7,1.3,1.4954899812429012
2025-07-02 06:10:00,2025-07-02 07:10:00,37.5,1.4,1.6105276721077395
2025-07-02 06:20:00,2025-07-02 07:20:00,57.2,1.5,1.7255653629725782
2025-07-02 06:30:00,2025-07-02 07:30:00,7.9,1.5,1.7255653629725782
2025-07-02 06:40:00,2025-07-02 07:40:00,312.0,1.2,1.3804522903780625
2025-07-02 06:50:00,2025-07-02 07:50:00,330.8,1.6,1.840603053837417
2025-07-02 07:00:00,2025-07-02 08:00:00,323.7,2.0,2.300753817296771
2025-07-02 07:10:00,2025-07-02 08:10:00,287.9,2.3,2.6458668898912863
2025-07-02 07:20:00,2025-07-02 08:20:00,279.0,2.3,2.6458668898912863
2025-07-02 07:30:00,2025-07-02 08:30:00,293.2,2.6,2.9909799624858024
2025-07-02 07:40:00,2025-07-02 08:40:00,314.0,2.7,3.106017653350641
2025-07-02 07:50:00,2025-07-02 08:50:00,324.7,2.4,2.760904580756125
2025-07-02 08:00:00,2025-07-02 09:00:00,321.1,2.0,2.300753817296771
2025-07-02 08:10:00,2025-07-02 09:10:00,292.6,2.3,2.6458668898912863
2025-07-02 08:20:00,2025-07-02 09:20:00,285.1,1.9,2.1857161264319322
2025-07-02 08:30:00,2025-07-02 09:30:00,300.4,1.8,2.070678435567094
2025-07-02 08:40:00,2025-07-02 09:40:00,310.6,2.1,2.4157915081616097
2025-07-02 08:50:00,2025-07-02 09:50:00,334.6,2.3,2.6458668898912863
2025-07-02 09:00:00,2025-07-02 10:00:00,338.7,2.7,3.106017653350641
2025-07-02 09:10:00,2025-07-02 10:10:00,349.2,4.6,5.2917337797825725
2025-07-02 09:20:00,2025-07-02 10:20:00,340.9,4.5,5.176696088917735
2025-07-02 09:30:00,2025-07-02 10:30:00,342.0,4.2,4.831583016323219
2025-07-02 09:40:00,2025-07-02 10:40:00,335.9,4.0,4.601507634593542
2025-07-02 09:50:00,2025-07-02 10:50:00,331.6,3.9,4.486469943728704
2025-07-02 10:00:00,2025-07-02 11:00:00,338.9,3.5,4.026319180269349
2025-07-02 10:10:00,2025-07-02 11:10:00,337.7,3.7,4.256394561999026
2025-07-02 10:20:00,2025-07-02 11:20:00,351.1,4.0,4.601507634593542
2025-07-02 10:30:00,2025-07-02 11:30:00,345.6,3.7,4.256394561999026
2025-07-02 10:40:00,2025-07-02 11:40:00,338.4,3.3,3.7962437985396718
2025-07-02 10:50:00,2025-07-02 11:50:00,310.8,3.2,3.681206107674834
2025-07-02 11:00:00,2025-07-02 12:00:00,297.2,3.6,4.141356871134188
2025-07-02 11:10:00,2025-07-02 12:10:00,326.0,3.4,3.9112814894045105
2025-07-02 11:20:00,2025-07-02 12:20:00,312.6,3.4,3.9112814894045105
2025-07-02 11:30:00,2025-07-02 12:30:00,328.7,3.5,4.026319180269349
2025-07-02 11:40:00,2025-07-02 12:40:00,305.8,4.3,4.946620707188058
2025-07-02 11:50:00,2025-07-02 12:50:00,306.9,3.5,4.026319180269349
2025-07-02 12:00:00,2025-07-02 13:00:00,327.3,3.6,4.141356871134188
2025-07-02 12:10:00,2025-07-02 13:10:00,306.0,3.6,4.141356871134188
2025-07-02 12:20:00,2025-07-02 13:20:00,281.9,3.2,3.681206107674834
2025-07-02 12:30:00,2025-07-02 13:30:00,283.6,3.4,3.9112814894045105
2025-07-02 12:40:00,2025-07-02 13:40:00,292.0,3.5,4.026319180269349
2025-07-02 12:50:00,2025-07-02 13:50:00,294.7,3.7,4.256394561999026
2025-07-02 13:00:00,2025-07-02 14:00:00,292.1,4.0,4.601507634593542
2025-07-02 13:10:00,2025-07-02 14:10:00,290.3,4.0,4.601507634593542
2025-07-02 13:20:00,2025-07-02 14:20:00,291.4,4.8,5.52180916151225
2025-07-02 13:30:00,2025-07-02 14:30:00,295.2,4.7,5.406771470647412
2025-07-02 13:40:00,2025-07-02 14:40:00,294.1,4.4,5.061658398052897
2025-07-02 13:50:00,2025-07-02 14:50:00,298.3,4.7,5.406771470647412
2025-07-02 14:00:00,2025-07-02 15:00:00,300.3,4.0,4.601507634593542
2025-07-02 14:10:00,2025-07-02 15:10:00,304.6,4.1,4.71654532545838
2025-07-02 14:20:00,2025-07-02 15:20:00,351.5,3.5,4.026319180269349
2025-07-02 14:30:00,2025-07-02 15:30:00,351.8,3.5,4.026319180269349
2025-07-02 14:40:00,2025-07-02 15:40:00,352.2,3.8,4.3714322528638645
2025-07-02 14:50:00,2025-07-02 15:50:00,352.3,3.5,4.026319180269349
2025-07-02 15:00:00,2025-07-02 16:00:00,349.9,4.5,5.176696088917735
2025-07-02 15:10:00,2025-07-02 16:10:00,349.3,5.1,5.866922234106766
2025-07-02 15:20:00,2025-07-02 16:20:00,353.7,5.0,5.751884543241927
2025-07-02 15:30:00,2025-07-02 16:30:00,349.3,5.2,5.981959924971605
2025-07-02 15:40:00,2025-07-02 16:40:00,352.9,5.5,6.32707299756612
2025-07-02 15:50:00,2025-07-02 16:50:00,357.0,5.7,6.557148379295797
2025-07-02 16:00:00,2025-07-02 17:00:00,353.3,5.7,6.557148379295797
2025-07-02 16:10:00,2025-07-02 17:10:00,352.1,5.7,6.557148379295797
2025-07-02 16:20:00,2025-07-02 17:20:00,353.2,5.6,6.442110688430958
2025-07-02 16:30:00,2025-07-02 17:30:00,354.7,5.4,6.212035306701282
2025-07-02 16:40:00,2025-07-02 17:40:00,356.2,4.9,5.636846852377089
2025-07-02 16:50:00,2025-07-02 17:50:00,357.3,5.0,5.751884543241927
2025-07-02 17:00:00,2025-07-02 18:00:00,349.5,4.5,5.176696088917735
2025-07-02 17:10:00,2025-07-02 18:10:00,344.0,4.3,4.946620707188058
2025-07-02 17:20:00,2025-07-02 18:20:00,346.3,3.8,4.3714322528638645
2025-07-02 17:30:00,2025-07-02 18:30:00,339.5,4.2,4.831583016323219
2025-07-02 17:40:00,2025-07-02 18:40:00,335.6,4.0,4.601507634593542
2025-07-02 17:50:00,2025-07-02 18:50:00,337.2,4.2,4.831583016323219
2025-07-02 18:00:00,2025-07-02 19:00:00,336.4,4.0,4.601507634593542
2025-07-02 18:10:00,2025-07-02 19:10:00,335.2,4.0,4.601507634593542
2025-07-02 18:20:00,2025-07-02 19:20:00,332.8,3.5,4.026319180269349
2025-07-02 18:30:00,2025-07-02 19:30:00,324.0,3.4,3.9112814894045105
2025-07-02 18:40:00,2025-07-02 19:40:00,316.1,3.6,4.141356871134188
2025-07-02 18:50:00,2025-07-02 19:50:00,321.0,3.0,3.4511307259451565
2025-07-02 19:00:00,2025-07-02 20:00:00,322.9,3.1,3.566168416809995
2025-07-02 19:10:00,2025-07-02 20:10:00,337.3,3.6,4.141356871134188
2025-07-02 19:20:00,2025-07-02 20:20:00,331.8,3.9,4.486469943728704
2025-07-02 19:30:00,2025-07-02 20:30:00,322.9,3.0,3.4511307259451565
2025-07-02 19:40:00,2025-07-02 20:40:00,313.7,2.9,3.3360930350803177
2025-07-02 19:50:00,2025-07-02 20:50:00,310.4,2.9,3.3360930350803177
2025-07-02 20:00:00,2025-07-02 21:00:00,310.6,2.7,3.106017653350641
2025-07-02 20:10:00,2025-07-02 21:10:00,296.8,3.4,3.9112814894045105
2025-07-02 20:20:00,2025-07-02 21:20:00,297.1,3.1,3.566168416809995
2025-07-02 20:30:00,2025-07-02 21:30:00,302.4,3.0,3.4511307259451565
2025-07-02 20:40:00,2025-07-02 21:40:00,308.8,2.7,3.106017653350641
2025-07-02 20:50:00,2025-07-02 21:50:00,315.8,2.3,2.6458668898912863
2025-07-02 21:00:00,2025-07-02 22:00:00,304.9,2.2,2.5308291990264484
2025-07-02 21:10:00,2025-07-02 22:10:00,301.5,2.4,2.760904580756125
2025-07-02 21:20:00,2025-07-02 22:20:00,301.7,2.1,2.4157915081616097
2025-07-02 21:30:00,2025-07-02 22:30:00,317.6,2.3,2.6458668898912863
2025-07-02 21:40:00,2025-07-02 22:40:00,310.8,2.1,2.4157915081616097
2025-07-02 21:50:00,2025-07-02 22:50:00,307.4,1.8,2.070678435567094
2025-07-02 22:00:00,2025-07-02 23:00:00,319.3,1.8,2.070678435567094
2025-07-02 22:10:00,2025-07-02 23:10:00,315.1,1.2,1.3804522903780625
2025-07-02 22:20:00,2025-07-02 23:20:00,133.5,0.8,0.9203015269187085
2025-07-02 22:30:00,2025-07-02 23:30:00,134.2,1.9,2.1857161264319322
2025-07-02 22:40:00,2025-07-02 23:40:00,136.7,1.0,1.1503769086483855
2025-07-02 22:50:00,2025-07-02 23:50:00,166.2,0.7,0.8052638360538698
2025-07-02 23:00:00,2025-07-03 00:00:00,191.4,1.7,1.9556407447022552
2025-07-02 23:10:00,2025-07-03 00:10:00,227.1,2.8,3.221055344215479
2025-07-02 23:20:00,2025-07-03 00:20:00,260.6,3.3,3.7962437985396718
2025-07-02 23:30:00,2025-07-03 00:30:00,254.0,2.7,3.106017653350641
2025-07-02 23:40:00,2025-07-03 00:40:00,204.2,2.8,3.221055344215479
2025-07-02 23:50:00,2025-07-03 00:50:00,210.4,3.2,3.681206107674834
2025-07-03 00:00:00,2025-07-03 01:00:00,203.4,3.1,3.566168416809995
2025-07-03 00:10:00,2025-07-03 01:10:00,204.1,2.8,3.221055344215479
2025-07-03 00:20:00,2025-07-03 01:20:00,196.8,2.2,2.5308291990264484
2025-07-03 00:30:00,2025-07-03 01:30:00,191.3,2.2,2.5308291990264484
2025-07-03 00:40:00,2025-07-03 01:40:00,175.2,2.5,2.8759422716209637
2025-07-03 00:50:00,2025-07-03 01:50:00,161.4,2.0,2.300753817296771
2025-07-03 01:00:00,2025-07-03 02:00:00,159.8,2.0,2.300753817296771
2025-07-03 01:10:00,2025-07-03 02:10:00,165.0,1.8,2.070678435567094
2025-07-03 01:20:00,2025-07-03 02:20:00,163.6,2.0,2.300753817296771
2025-07-03 01:30:00,2025-07-03 02:30:00,160.7,1.8,2.070678435567094
2025-07-03 01:40:00,2025-07-03 02:40:00,150.8,2.2,2.5308291990264484
2025-07-03 01:50:00,2025-07-03 02:50:00,135.8,2.5,2.8759422716209637
2025-07-03 02:00:00,2025-07-03 03:00:00,130.3,1.9,2.1857161264319322
2025-07-03 02:10:00,2025-07-03 03:10:00,135.8,1.4,1.6105276721077395
2025-07-03 02:20:00,2025-07-03 03:20:00,144.8,1.3,1.4954899812429012
2025-07-03 02:30:00,2025-07-03 03:30:00,158.0,1.4,1.6105276721077395
2025-07-03 02:40:00,2025-07-03 03:40:00,143.1,1.4,1.6105276721077395
2025-07-03 02:50:00,2025-07-03 03:50:00,121.0,0.8,0.9203015269187085
2025-07-03 03:00:00,2025-07-03 04:00:00,101.9,0.7,0.8052638360538698
2025-07-03 03:10:00,2025-07-03 04:10:00,88.1,1.4,1.6105276721077395
2025-07-03 03:20:00,2025-07-03 04:20:00,90.2,1.3,1.4954899812429012
2025-07-03 03:30:00,2025-07-03 04:30:00,97.5,1.6,1.840603053837417
2025-07-03 03:40:00,2025-07-03 04:40:00,148.1,1.1,1.2654145995132242
2025-07-03 03:50:00,2025-07-03 04:50:00,169.1,0.8,0.9203015269187085
2025-07-03 04:00:00,2025-07-03 05:00:00,159.3,1.0,1.1503769086483855
2025-07-03 04:10:00,2025-07-03 05:10:00,126.9,1.3,1.4954899812429012
2025-07-03 04:20:00,2025-07-03 05:20:00,138.1,2.0,2.300753817296771
2025-07-03 04:30:00,2025-07-03 05:30:00,152.4,2.0,2.300753817296771
2025-07-03 04:40:00,2025-07-03 05:40:00,184.4,1.1,1.2654145995132242
2025-07-03 04:50:00,2025-07-03 05:50:00,213.0,0.8,0.9203015269187085
2025-07-03 05:00:00,2025-07-03 06:00:00,206.3,0.7,0.8052638360538698
2025-07-03 05:10:00,2025-07-03 06:10:00,178.6,0.8,0.9203015269187085
2025-07-03 05:20:00,2025-07-03 06:20:00,180.4,0.7,0.8052638360538698
2025-07-03 05:30:00,2025-07-03 06:30:00,183.4,0.7,0.8052638360538698
2025-07-03 05:40:00,2025-07-03 06:40:00,151.7,1.1,1.2654145995132242
2025-07-03 05:50:00,2025-07-03 06:50:00,183.1,0.4,0.46015076345935424
2025-07-03 06:00:00,2025-07-03 07:00:00,319.1,0.8,0.9203015269187085
2025-07-03 06:10:00,2025-07-03 07:10:00,324.2,0.5,0.5751884543241927
2025-07-03 06:20:00,2025-07-03 07:20:00,327.4,0.9,1.035339217783547
2025-07-03 06:30:00,2025-07-03 07:30:00,330.1,1.2,1.3804522903780625
2025-07-03 06:40:00,2025-07-03 07:40:00,348.4,1.1,1.2654145995132242
2025-07-03 06:50:00,2025-07-03 07:50:00,336.3,1.6,1.840603053837417
2025-07-03 07:00:00,2025-07-03 08:00:00,334.8,1.9,2.1857161264319322
2025-07-03 07:10:00,2025-07-03 08:10:00,336.1,2.5,2.8759422716209637
2025-07-03 07:20:00,2025-07-03 08:20:00,344.2,3.2,3.681206107674834
2025-07-03 07:30:00,2025-07-03 08:30:00,356.6,4.1,4.71654532545838
2025-07-03 07:40:00,2025-07-03 08:40:00,351.4,5.0,5.751884543241927
2025-07-03 07:50:00,2025-07-03 08:50:00,351.1,4.9,5.636846852377089
2025-07-03 08:00:00,2025-07-03 09:00:00,353.1,4.8,5.52180916151225
2025-07-03 08:10:00,2025-07-03 09:10:00,350.8,5.4,6.212035306701282
2025-07-03 08:20:00,2025-07-03 09:20:00,357.6,5.8,6.6721860701606355
2025-07-03 08:30:00,2025-07-03 09:30:00,352.1,5.6,6.442110688430958
2025-07-03 08:40:00,2025-07-03 09:40:00,354.9,5.7,6.557148379295797
2025-07-03 08:50:00,2025-07-03 09:50:00,357.7,5.8,6.6721860701606355
2025-07-03 09:00:00,2025-07-03 10:00:00,356.2,5.5,6.32707299756612
2025-07-03 09:10:00,2025-07-03 10:10:00,347.5,5.6,6.442110688430958
2025-07-03 09:20:00,2025-07-03 10:20:00,344.8,5.6,6.442110688430958
2025-07-03 09:30:00,2025-07-03 10:30:00,344.3,5.7,6.557148379295797
2025-07-03 09:40:00,2025-07-03 10:40:00,341.1,6.0,6.902261451890313
2025-07-03 09:50:00,2025-07-03 10:50:00,340.2,5.6,6.442110688430958
2025-07-03 10:00:00,2025-07-03 11:00:00,343.1,5.8,6.6721860701606355
2025-07-03 10:10:00,2025-07-03 11:10:00,347.1,6.0,6.902261451890313
2025-07-03 10:20:00,2025-07-03 11:20:00,340.7,5.6,6.442110688430958
2025-07-03 10:30:00,2025-07-03 11:30:00,336.8,5.5,6.32707299756612
2025-07-03 10:40:00,2025-07-03 11:40:00,337.6,5.3,6.096997615836443
2025-07-03 10:50:00,2025-07-03 11:50:00,337.7,5.6,6.442110688430958
2025-07-03 11:00:00,2025-07-03 12:00:00,347.9,5.8,6.6721860701606355
2025-07-03 11:10:00,2025-07-03 12:10:00,340.4,5.5,6.32707299756612
2025-07-03 11:20:00,2025-07-03 12:20:00,353.6,5.7,6.557148379295797
2025-07-03 11:30:00,2025-07-03 12:30:00,340.6,5.6,6.442110688430958
2025-07-03 11:40:00,2025-07-03 12:40:00,348.3,5.6,6.442110688430958
2025-07-03 11:50:00,2025-07-03 12:50:00,347.0,5.1,5.866922234106766
2025-07-03 12:00:00,2025-07-03 13:00:00,347.0,5.1,5.866922234106766
2025-07-03 12:10:00,2025-07-03 13:10:00,345.3,5.1,5.866922234106766
2025-07-03 12:20:00,2025-07-03 13:20:00,345.6,5.4,6.212035306701282
2025-07-03 12:30:00,2025-07-03 13:30:00,346.1,5.6,6.442110688430958
2025-07-03 12:40:00,2025-07-03 13:40:00,343.9,5.2,5.981959924971605
2025-07-03 12:50:00,2025-07-03 13:50:00,349.9,5.9,6.787223761025475
2025-07-03 13:00:00,2025-07-03 14:00:00,355.9,5.5,6.32707299756612
2025-07-03 13:10:00,2025-07-03 14:10:00,352.0,6.2,7.13233683361999
2025-07-03 13:20:00,2025-07-03 14:20:00,0.1,6.0,6.902261451890313
2025-07-03 13:30:00,2025-07-03 14:30:00,352.4,6.4,7.362412215349668
2025-07-03 13:40:00,2025-07-03 14:40:00,1.0,6.1,7.017299142755151
2025-07-03 13:50:00,2025-07-03 14:50:00,354.4,5.7,6.557148379295797
2025-07-03 14:00:00,2025-07-03 15:00:00,349.3,5.8,6.6721860701606355
2025-07-03 14:10:00,2025-07-03 15:10:00,358.5,5.9,6.787223761025475
2025-07-03 14:20:00,2025-07-03 15:20:00,357.8,5.9,6.787223761025475
2025-07-03 14:30:00,2025-07-03 15:30:00,357.7,5.8,6.6721860701606355
2025-07-03 14:40:00,2025-07-03 15:40:00,356.5,5.9,6.787223761025475
2025-07-03 14:50:00,2025-07-03 15:50:00,1.7,5.8,6.6721860701606355
2025-07-03 15:00:00,2025-07-03 16:00:00,354.0,6.0,6.902261451890313
2025-07-03 15:10:00,2025-07-03 16:10:00,357.8,5.8,6.6721860701606355
2025-07-03 15:20:00,2025-07-03 16:20:00,356.6,5.8,6.6721860701606355
2025-07-03 15:30:00,2025-07-03 16:30:00,357.4,6.5,7.477449906214506
2025-07-03 15:40:00,2025-07-03 16:40:00,359.2,6.3,7.247374524484829
2025-07-03 15:50:00,2025-07-03 16:50:00,0.4,6.4,7.362412215349668
2025-07-03 16:00:00,2025-07-03 17:00:00,4.7,6.4,7.362412215349668
2025-07-03 16:10:00,2025-07-03 17:10:00,1.7,6.4,7.362412215349668
2025-07-03 16:20:00,2025-07-03 17:20:00,3.7,6.7,7.707525287944183
2025-07-03 16:30:00,2025-07-03 17:30:00,1.4,6.7,7.707525287944183
2025-07-03 16:40:00,2025-07-03 17:40:00,3.2,6.7,7.707525287944183
2025-07-03 16:50:00,2025-07-03 17:50:00,3.0,7.0,8.052638360538698
2025-07-03 17:00:00,2025-07-03 18:00:00,9.6,6.4,7.362412215349668
2025-07-03 17:10:00,2025-07-03 18:10:00,16.2,6.1,7.017299142755151
2025-07-03 17:20:00,2025-07-03 18:20:00,15.8,6.3,7.247374524484829
2025-07-03 17:30:00,2025-07-03 18:30:00,12.2,6.4,7.362412215349668
2025-07-03 17:40:00,2025-07-03 18:40:00,15.7,6.1,7.017299142755151
2025-07-03 17:50:00,2025-07-03 18:50:00,11.4,6.8,7.822562978809021
2025-07-03 18:00:00,2025-07-03 19:00:00,8.0,6.6,7.5924875970793435
2025-07-03 18:10:00,2025-07-03 19:10:00,4.1,7.2,8.282713742268376
2025-07-03 18:20:00,2025-07-03 19:20:00,12.9,6.9,7.93760066967386
2025-07-03 18:30:00,2025-07-03 19:30:00,11.6,6.6,7.5924875970793435
2025-07-03 18:40:00,2025-07-03 19:40:00,13.4,6.7,7.707525287944183
2025-07-03 18:50:00,2025-07-03 19:50:00,25.9,5.7,6.557148379295797
2025-07-03 19:00:00,2025-07-03 20:00:00,20.9,5.4,6.212035306701282
2025-07-03 19:10:00,2025-07-03 20:10:00,22.0,5.3,6.096997615836443
2025-07-03 19:20:00,2025-07-03 20:20:00,27.3,5.1,5.866922234106766
2025-07-03 19:30:00,2025-07-03 20:30:00,15.3,5.0,5.751884543241927
2025-07-03 19:40:00,2025-07-03 20:40:00,23.9,5.1,5.866922234106766
2025-07-03 19:50:00,2025-07-03 20:50:00,30.3,4.2,4.831583016323219
2025-07-03 20:00:00,2025-07-03 21:00:00,29.7,3.9,4.486469943728704
2025-07-03 20:10:00,2025-07-03 21:10:00,26.5,3.6,4.141356871134188
2025-07-03 20:20:00,2025-07-03 21:20:00,25.1,3.4,3.9112814894045105
2025-07-03 20:30:00,2025-07-03 21:30:00,31.4,3.2,3.681206107674834
2025-07-03 20:40:00,2025-07-03 21:40:00,45.9,2.1,2.4157915081616097
2025-07-03 20:50:00,2025-07-03 21:50:00,87.5,1.3,1.4954899812429012
2025-07-03 21:00:00,2025-07-03 22:00:00,73.8,1.2,1.3804522903780625
2025-07-03 21:10:00,2025-07-03 22:10:00,75.0,1.4,1.6105276721077395
2025-07-03 21:20:00,2025-07-03 22:20:00,75.9,1.2,1.3804522903780625
2025-07-03 21:30:00,2025-07-03 22:30:00,64.7,1.6,1.840603053837417
2025-07-03 21:40:00,2025-07-03 22:40:00,69.5,1.2,1.3804522903780625
2025-07-03 21:50:00,2025-07-03 22:50:00,71.0,1.0,1.1503769086483855
2025-07-03 22:00:00,2025-07-03 23:00:00,100.7,1.2,1.3804522903780625
2025-07-03 22:10:00,2025-07-03 23:10:00,54.4,0.9,1.035339217783547
2025-07-03 22:20:00,2025-07-03 23:20:00,69.4,1.2,1.3804522903780625
2025-07-03 22:30:00,2025-07-03 23:30:00,65.8,1.2,1.3804522903780625
2025-07-03 22:40:00,2025-07-03 23:40:00,103.1,1.1,1.2654145995132242
2025-07-03 22:50:00,2025-07-03 23:50:00,143.8,0.6,0.6902261451890312
2025-07-03 23:00:00,2025-07-04 00:00:00,152.1,1.5,1.7255653629725782
2025-07-03 23:10:00,2025-07-04 00:10:00,147.3,1.2,1.3804522903780625
2025-07-03 23:20:00,2025-07-04 00:20:00,144.1,0.9,1.035339217783547
2025-07-03 23:30:00,2025-07-04 00:30:00,167.0,0.9,1.035339217783547
2025-07-03 23:40:00,2025-07-04 00:40:00,190.2,0.6,0.6902261451890312
2025-07-03 23:50:00,2025-07-04 00:50:00,130.9,0.6,0.6902261451890312
2025-07-04 00:00:00,2025-07-04 01:00:00,350.4,3.1,3.566168416809995
2025-07-04 00:10:00,2025-07-04 01:10:00,354.5,3.7,4.256394561999026
2025-07-04 00:20:00,2025-07-04 01:20:00,1.4,4.0,4.601507634593542
2025-07-04 00:30:00,2025-07-04 01:30:00,4.5,3.9,4.486469943728704
2025-07-04 00:40:00,2025-07-04 01:40:00,358.8,5.0,5.751884543241927
2025-07-04 00:50:00,2025-07-04 01:50:00,355.8,4.7,5.406771470647412
2025-07-04 01:00:00,2025-07-04 02:00:00,0.9,5.4,6.212035306701282
2025-07-04 01:10:00,2025-07-04 02:10:00,11.9,5.3,6.096997615836443
2025-07-04 01:20:00,2025-07-04 02:20:00,65.2,2.3,2.6458668898912863
2025-07-04 01:30:00,2025-07-04 02:30:00,66.4,2.0,2.300753817296771
2025-07-04 01:40:00,2025-07-04 02:40:00,41.7,2.1,2.4157915081616097
2025-07-04 01:50:00,2025-07-04 02:50:00,55.2,2.2,2.5308291990264484
2025-07-04 02:00:00,2025-07-04 03:00:00,75.4,1.7,1.9556407447022552
2025-07-04 02:10:00,2025-07-04 03:10:00,77.9,1.8,2.070678435567094
2025-07-04 02:20:00,2025-07-04 03:20:00,79.1,1.3,1.4954899812429012
2025-07-04 02:30:00,2025-07-04 03:30:00,72.5,1.2,1.3804522903780625
2025-07-04 02:40:00,2025-07-04 03:40:00,69.6,1.5,1.7255653629725782
2025-07-04 02:50:00,2025-07-04 03:50:00,104.6,1.3,1.4954899812429012
2025-07-04 03:00:00,2025-07-04 04:00:00,88.3,1.3,1.4954899812429012
2025-07-04 03:10:00,2025-07-04 04:10:00,84.4,1.2,1.3804522903780625
2025-07-04 03:20:00,2025-07-04 04:20:00,92.8,1.9,2.1857161264319322
2025-07-04 03:30:00,2025-07-04 04:30:00,85.3,1.8,2.070678435567094
2025-07-04 03:40:00,2025-07-04 04:40:00,84.1,2.0,2.300753817296771
2025-07-04 03:50:00,2025-07-04 04:50:00,82.1,1.9,2.1857161264319322
2025-07-04 04:00:00,2025-07-04 05:00:00,83.1,1.4,1.6105276721077395
2025-07-04 04:10:00,2025-07-04 05:10:00,95.2,1.3,1.4954899812429012
2025-07-04 04:20:00,2025-07-04 05:20:00,93.6,1.4,1.6105276721077395
2025-07-04 04:30:00,2025-07-04 05:30:00,102.9,1.7,1.9556407447022552
2025-07-04 04:40:00,2025-07-04 05:40:00,115.3,1.8,2.070678435567094
2025-07-04 04:50:00,2025-07-04 05:50:00,109.4,0.7,0.8052638360538698
2025-07-04 05:00:00,2025-07-04 06:00:00,90.9,1.2,1.3804522903780625
2025-07-04 05:10:00,2025-07-04 06:10:00,101.1,2.1,2.4157915081616097
2025-07-04 05:20:00,2025-07-04 06:20:00,90.8,1.5,1.7255653629725782
2025-07-04 05:30:00,2025-07-04 06:30:00,87.6,1.0,1.1503769086483855
2025-07-04 05:40:00,2025-07-04 06:40:00,64.2,0.6,0.6902261451890312
2025-07-04 05:50:00,2025-07-04 06:50:00,27.9,0.9,1.035339217783547
2025-07-04 06:00:00,2025-07-04 07:00:00,19.1,1.5,1.7255653629725782
2025-07-04 06:10:00,2025-07-04 07:10:00,21.3,1.2,1.3804522903780625
2025-07-04 06:20:00,2025-07-04 07:20:00,7.1,1.8,2.070678435567094
2025-07-04 06:30:00,2025-07-04 07:30:00,5.5,2.2,2.5308291990264484
2025-07-04 06:40:00,2025-07-04 07:40:00,8.6,1.1,1.2654145995132242
2025-07-04 06:50:00,2025-07-04 07:50:00,51.8,0.8,0.9203015269187085
2025-07-04 07:00:00,2025-07-04 08:00:00,17.9,5.1,5.866922234106766
2025-07-04 07:10:00,2025-07-04 08:10:00,14.9,5.3,6.096997615836443
2025-07-04 07:20:00,2025-07-04 08:20:00,17.7,5.0,5.751884543241927
2025-07-04 07:30:00,2025-07-04 08:30:00,8.6,6.1,7.017299142755151
2025-07-04 07:40:00,2025-07-04 08:40:00,12.8,5.5,6.32707299756612
2025-07-04 07:50:00,2025-07-04 08:50:00,9.8,5.9,6.787223761025475
2025-07-04 08:00:00,2025-07-04 09:00:00,8.7,6.3,7.247374524484829
2025-07-04 08:10:00,2025-07-04 09:10:00,4.3,7.1,8.167676051403536
2025-07-04 08:20:00,2025-07-04 09:20:00,6.2,8.1,9.318052960051922
2025-07-04 08:30:00,2025-07-04 09:30:00,8.4,8.1,9.318052960051922
2025-07-04 08:40:00,2025-07-04 09:40:00,5.2,8.5,9.778203723511277
2025-07-04 08:50:00,2025-07-04 09:50:00,8.7,8.8,10.123316796105794
2025-07-04 09:00:00,2025-07-04 10:00:00,14.2,8.2,9.43309065091676
2025-07-04 09:10:00,2025-07-04 10:10:00,12.7,8.1,9.318052960051922
2025-07-04 09:20:00,2025-07-04 10:20:00,12.0,8.3,9.5481283417816
2025-07-04 09:30:00,2025-07-04 10:30:00,10.6,9.3,10.698505250429985
2025-07-04 09:40:00,2025-07-04 10:40:00,8.9,10.1,11.618806777348693
2025-07-04 09:50:00,2025-07-04 10:50:00,9.1,10.0,11.503769086483855
2025-07-04 10:00:00,2025-07-04 11:00:00,0.6,10.4,11.96391984994321
2025-07-04 10:10:00,2025-07-04 11:10:00,359.4,10.3,11.848882159078372
2025-07-04 10:20:00,2025-07-04 11:20:00,354.4,10.7,12.309032922537725
2025-07-04 10:30:00,2025-07-04 11:30:00,0.7,10.9,12.539108304267403
2025-07-04 10:40:00,2025-07-04 11:40:00,4.7,10.8,12.424070613402565
2025-07-04 10:50:00,2025-07-04 11:50:00,359.7,10.7,12.309032922537725
2025-07-04 11:00:00,2025-07-04 12:00:00,10.7,10.7,12.309032922537725
2025-07-04 11:10:00,2025-07-04 12:10:00,8.5,10.5,12.078957540808048
2025-07-04 11:20:00,2025-07-04 12:20:00,8.0,10.2,11.733844468213531
2025-07-04 11:30:00,2025-07-04 12:30:00,6.4,11.1,12.769183685997078
2025-07-04 11:40:00,2025-07-04 12:40:00,9.8,11.1,12.769183685997078
2025-07-04 11:50:00,2025-07-04 12:50:00,11.7,10.9,12.539108304267403
2025-07-04 12:00:00,2025-07-04 13:00:00,17.3,10.6,12.193995231672886
2025-07-04 12:10:00,2025-07-04 13:10:00,18.8,10.7,12.309032922537725
2025-07-04 12:20:00,2025-07-04 13:20:00,18.2,9.4,10.813542941294823
2025-07-04 12:30:00,2025-07-04 13:30:00,11.5,10.0,11.503769086483855
2025-07-04 12:40:00,2025-07-04 13:40:00,13.0,9.7,11.158656013889338
2025-07-04 12:50:00,2025-07-04 13:50:00,5.9,10.3,11.848882159078372
2025-07-04 13:00:00,2025-07-04 14:00:00,12.8,9.4,10.813542941294823
2025-07-04 13:10:00,2025-07-04 14:10:00,11.3,9.2,10.583467559565145
2025-07-04 13:20:00,2025-07-04 14:20:00,10.1,9.6,11.0436183230245
2025-07-04 13:30:00,2025-07-04 14:30:00,6.9,9.3,10.698505250429985
2025-07-04 13:40:00,2025-07-04 14:40:00,4.9,9.1,10.468429868700307
2025-07-04 13:50:00,2025-07-04 14:50:00,3.6,9.0,10.35339217783547
2025-07-04 14:00:00,2025-07-04 15:00:00,7.0,9.3,10.698505250429985
2025-07-04 14:10:00,2025-07-04 15:10:00,7.1,9.5,10.928580632159662
2025-07-04 14:20:00,2025-07-04 15:20:00,13.2,8.9,10.238354486970632
2025-07-04 14:30:00,2025-07-04 15:30:00,9.9,9.3,10.698505250429985
2025-07-04 14:40:00,2025-07-04 15:40:00,5.1,10.1,11.618806777348693
2025-07-04 14:50:00,2025-07-04 15:50:00,7.9,9.7,11.158656013889338
2025-07-04 15:00:00,2025-07-04 16:00:00,3.4,9.6,11.0436183230245
2025-07-04 15:10:00,2025-07-04 16:10:00,3.7,9.7,11.158656013889338
2025-07-04 15:20:00,2025-07-04 16:20:00,1.7,9.9,11.388731395619017
2025-07-04 15:30:00,2025-07-04 16:30:00,2.8,9.6,11.0436183230245
2025-07-04 15:40:00,2025-07-04 16:40:00,6.0,10.0,11.503769086483855
2025-07-04 15:50:00,2025-07-04 16:50:00,4.5,9.9,11.388731395619017
2025-07-04 16:00:00,2025-07-04 17:00:00,5.5,9.8,11.273693704754178
2025-07-04 16:10:00,2025-07-04 17:10:00,6.8,9.8,11.273693704754178
2025-07-04 16:20:00,2025-07-04 17:20:00,7.5,9.1,10.468429868700307
2025-07-04 16:30:00,2025-07-04 17:30:00,7.9,8.7,10.008279105240954
2025-07-04 16:40:00,2025-07-04 17:40:00,6.2,9.2,10.583467559565145
2025-07-04 16:50:00,2025-07-04 17:50:00,9.4,9.4,10.813542941294823
2025-07-04 17:00:00,2025-07-04 18:00:00,7.2,9.6,11.0436183230245
2025-07-04 17:10:00,2025-07-04 18:10:00,11.0,8.8,10.123316796105794
2025-07-04 17:20:00,2025-07-04 18:20:00,12.5,8.8,10.123316796105794
2025-07-04 17:30:00,2025-07-04 18:30:00,15.8,8.1,9.318052960051922
2025-07-04 17:40:00,2025-07-04 18:40:00,17.6,8.0,9.203015269187084
2025-07-04 17:50:00,2025-07-04 18:50:00,20.9,7.3,8.397751433133214
2025-07-04 18:00:00,2025-07-04 19:00:00,23.5,7.6,8.742864505727729
2025-07-04 18:10:00,2025-07-04 19:10:00,17.8,7.3,8.397751433133214
2025-07-04 18:20:00,2025-07-04 19:20:00,18.6,7.7,8.857902196592569
2025-07-04 18:30:00,2025-07-04 19:30:00,17.7,7.5,8.62782681486289
2025-07-04 18:40:00,2025-07-04 19:40:00,17.9,7.5,8.62782681486289
2025-07-04 18:50:00,2025-07-04 19:50:00,15.0,7.1,8.167676051403536
2025-07-04 19:00:00,2025-07-04 20:00:00,21.1,7.2,8.282713742268376
2025-07-04 19:10:00,2025-07-04 20:10:00,27.2,6.3,7.247374524484829
2025-07-04 19:20:00,2025-07-04 20:20:00,30.3,5.8,6.6721860701606355
2025-07-04 19:30:00,2025-07-04 20:30:00,33.3,5.9,6.787223761025475
2025-07-04 19:40:00,2025-07-04 20:40:00,30.5,4.9,5.636846852377089
2025-07-04 19:50:00,2025-07-04 20:50:00,29.5,4.7,5.406771470647412
2025-07-04 20:00:00,2025-07-04 21:00:00,26.0,4.3,4.946620707188058
2025-07-04 20:10:00,2025-07-04 21:10:00,26.4,4.0,4.601507634593542
2025-07-04 20:20:00,2025-07-04 21:20:00,40.2,3.2,3.681206107674834
2025-07-04 20:30:00,2025-07-04 21:30:00,31.1,2.7,3.106017653350641
2025-07-04 20:40:00,2025-07-04 21:40:00,26.6,3.5,4.026319180269349
2025-07-04 20:50:00,2025-07-04 21:50:00,29.3,3.6,4.141356871134188
2025-07-04 21:00:00,2025-07-04 22:00:00,33.2,2.9,3.3360930350803177
2025-07-04 21:10:00,2025-07-04 22:10:00,38.8,2.0,2.300753817296771
2025-07-04 21:20:00,2025-07-04 22:20:00,39.3,1.7,1.9556407447022552
2025-07-04 21:30:00,2025-07-04 22:30:00,53.6,2.2,2.5308291990264484
2025-07-04 21:40:00,2025-07-04 22:40:00,62.8,1.8,2.070678435567094
2025-07-04 21:50:00,2025-07-04 22:50:00,40.0,1.8,2.070678435567094
2025-07-04 22:00:00,2025-07-04 23:00:00,37.0,2.1,2.4157915081616097
2025-07-04 22:10:00,2025-07-04 23:10:00,55.4,1.1,1.2654145995132242
2025-07-04 22:20:00,2025-07-04 23:20:00,38.8,1.8,2.070678435567094
2025-07-04 22:30:00,2025-07-04 23:30:00,50.0,1.8,2.070678435567094
2025-07-04 22:40:00,2025-07-04 23:40:00,76.3,1.5,1.7255653629725782
2025-07-04 22:50:00,2025-07-04 23:50:00,95.5,1.0,1.1503769086483855
2025-07-04 23:00:00,2025-07-05 00:00:00,127.0,1.0,1.1503769086483855
2025-07-04 23:10:00,2025-07-05 00:10:00,82.0,1.0,1.1503769086483855
2025-07-04 23:20:00,2025-07-05 00:20:00,68.1,1.4,1.6105276721077395
2025-07-04 23:30:00,2025-07-05 00:30:00,75.5,1.2,1.3804522903780625
2025-07-04 23:40:00,2025-07-05 00:40:00,93.8,1.2,1.3804522903780625
2025-07-04 23:50:00,2025-07-05 00:50:00,102.4,1.5,1.7255653629725782
2025-07-05 00:00:00,2025-07-05 01:00:00,85.3,0.9,1.035339217783547
2025-07-05 00:10:00,2025-07-05 01:10:00,57.4,1.2,1.3804522903780625
2025-07-05 00:20:00,2025-07-05 01:20:00,47.5,1.8,2.070678435567094
2025-07-05 00:30:00,2025-07-05 01:30:00,36.9,1.7,1.9556407447022552
2025-07-05 00:40:00,2025-07-05 01:40:00,32.5,2.3,2.6458668898912863
2025-07-05 00:50:00,2025-07-05 01:50:00,26.3,2.7,3.106017653350641
2025-07-05 01:00:00,2025-07-05 02:00:00,25.6,3.3,3.7962437985396718
2025-07-05 01:10:00,2025-07-05 02:10:00,30.2,3.2,3.681206107674834
2025-07-05 01:20:00,2025-07-05 02:20:00,21.6,2.7,3.106017653350641
2025-07-05 01:30:00,2025-07-05 02:30:00,21.2,3.3,3.7962437985396718
2025-07-05 01:40:00,2025-07-05 02:40:00,30.4,3.2,3.681206107674834
2025-07-05 01:50:00,2025-07-05 02:50:00,28.3,3.3,3.7962437985396718
2025-07-05 02:00:00,2025-07-05 03:00:00,37.4,3.2,3.681206107674834
2025-07-05 02:10:00,2025-07-05 03:10:00,45.8,2.2,2.5308291990264484
2025-07-05 02:20:00,2025-07-05 03:20:00,79.1,1.7,1.9556407447022552
2025-07-05 02:30:00,2025-07-05 03:30:00,94.2,1.6,1.840603053837417
2025-07-05 02:40:00,2025-07-05 03:40:00,76.3,1.0,1.1503769086483855
2025-07-05 02:50:00,2025-07-05 03:50:00,68.1,0.7,0.8052638360538698
2025-07-05 03:00:00,2025-07-05 04:00:00,39.6,1.7,1.9556407447022552
2025-07-05 03:10:00,2025-07-05 04:10:00,39.3,2.3,2.6458668898912863
2025-07-05 03:20:00,2025-07-05 04:20:00,86.1,1.9,2.1857161264319322
2025-07-05 03:30:00,2025-07-05 04:30:00,65.1,1.9,2.1857161264319322
2025-07-05 03:40:00,2025-07-05 04:40:00,64.9,2.4,2.760904580756125
2025-07-05 03:50:00,2025-07-05 04:50:00,66.1,1.8,2.070678435567094
2025-07-05 04:00:00,2025-07-05 05:00:00,44.1,2.2,2.5308291990264484
2025-07-05 04:10:00,2025-07-05 05:10:00,34.0,1.9,2.1857161264319322
2025-07-05 04:20:00,2025-07-05 05:20:00,10.2,2.6,2.9909799624858024
2025-07-05 04:30:00,2025-07-05 05:30:00,101.5,2.1,2.4157915081616097
2025-07-05 04:40:00,2025-07-05 05:40:00,76.8,1.1,1.2654145995132242
2025-07-05 04:50:00,2025-07-05 05:50:00,74.2,0.9,1.035339217783547
2025-07-05 05:00:00,2025-07-05 06:00:00,53.0,1.3,1.4954899812429012
2025-07-05 05:10:00,2025-07-05 06:10:00,55.4,1.4,1.6105276721077395
2025-07-05 05:20:00,2025-07-05 06:20:00,65.4,1.3,1.4954899812429012
2025-07-05 05:30:00,2025-07-05 06:30:00,67.4,1.6,1.840603053837417
2025-07-05 05:40:00,2025-07-05 06:40:00,57.8,1.7,1.9556407447022552
2025-07-05 05:50:00,2025-07-05 06:50:00,31.0,1.9,2.1857161264319322
2025-07-05 06:00:00,2025-07-05 07:00:00,19.2,2.8,3.221055344215479
2025-07-05 06:10:00,2025-07-05 07:10:00,16.9,2.2,2.5308291990264484
2025-07-05 06:20:00,2025-07-05 07:20:00,351.1,2.3,2.6458668898912863
2025-07-05 06:30:00,2025-07-05 07:30:00,354.8,3.6,4.141356871134188
2025-07-05 06:40:00,2025-07-05 07:40:00,352.7,5.3,6.096997615836443
2025-07-05 06:50:00,2025-07-05 07:50:00,349.4,5.8,6.6721860701606355
2025-07-05 07:00:00,2025-07-05 08:00:00,353.6,6.1,7.017299142755151
2025-07-05 07:10:00,2025-07-05 08:10:00,351.7,6.3,7.247374524484829
2025-07-05 07:20:00,2025-07-05 08:20:00,359.6,5.9,6.787223761025475
2025-07-05 07:30:00,2025-07-05 08:30:00,357.3,6.6,7.5924875970793435
2025-07-05 07:40:00,2025-07-05 08:40:00,359.1,6.2,7.13233683361999
2025-07-05 07:50:00,2025-07-05 08:50:00,358.4,6.2,7.13233683361999
2025-07-05 08:00:00,2025-07-05 09:00:00,5.4,5.5,6.32707299756612
2025-07-05 08:10:00,2025-07-05 09:10:00,4.4,5.7,6.557148379295797
2025-07-05 08:20:00,2025-07-05 09:20:00,3.1,6.4,7.362412215349668
2025-07-05 08:30:00,2025-07-05 09:30:00,1.3,7.4,8.512789123998052
2025-07-05 08:40:00,2025-07-05 09:40:00,8.6,6.7,7.707525287944183
2025-07-05 08:50:00,2025-07-05 09:50:00,5.9,6.9,7.93760066967386
2025-07-05 09:00:00,2025-07-05 10:00:00,8.8,6.5,7.477449906214506
2025-07-05 09:10:00,2025-07-05 10:10:00,7.4,6.1,7.017299142755151
2025-07-05 09:20:00,2025-07-05 10:20:00,4.6,6.6,7.5924875970793435
2025-07-05 09:30:00,2025-07-05 10:30:00,359.5,7.8,8.972939887457407
2025-07-05 09:40:00,2025-07-05 10:40:00,4.2,7.9,9.087977578322246
2025-07-05 09:50:00,2025-07-05 10:50:00,3.5,7.8,8.972939887457407
2025-07-05 10:00:00,2025-07-05 11:00:00,4.1,8.2,9.43309065091676
2025-07-05 10:10:00,2025-07-05 11:10:00,4.8,8.3,9.5481283417816
2025-07-05 10:20:00,2025-07-05 11:20:00,6.2,8.3,9.5481283417816
2025-07-05 10:30:00,2025-07-05 11:30:00,7.2,8.8,10.123316796105794
2025-07-05 10:40:00,2025-07-05 11:40:00,358.2,8.8,10.123316796105794
2025-07-05 10:50:00,2025-07-05 11:50:00,353.7,8.9,10.238354486970632
2025-07-05 11:00:00,2025-07-05 12:00:00,355.3,9.5,10.928580632159662
2025-07-05 11:10:00,2025-07-05 12:10:00,356.9,10.0,11.503769086483855
2025-07-05 11:20:00,2025-07-05 12:20:00,356.6,9.8,11.273693704754178
2025-07-05 11:30:00,2025-07-05 12:30:00,356.8,10.1,11.618806777348693
2025-07-05 11:40:00,2025-07-05 12:40:00,355.8,9.6,11.0436183230245
2025-07-05 11:50:00,2025-07-05 12:50:00,355.5,9.7,11.158656013889338
2025-07-05 12:00:00,2025-07-05 13:00:00,355.5,9.9,11.388731395619017
2025-07-05 12:10:00,2025-07-05 13:10:00,356.0,10.2,11.733844468213531
2025-07-05 12:20:00,2025-07-05 13:20:00,357.8,10.5,12.078957540808048
2025-07-05 12:30:00,2025-07-05 13:30:00,357.7,9.7,11.158656013889338
2025-07-05 12:40:00,2025-07-05 13:40:00,355.9,9.7,11.158656013889338
2025-07-05 12:50:00,2025-07-05 13:50:00,357.1,9.1,10.468429868700307
2025-07-05 13:00:00,2025-07-05 14:00:00,357.0,9.0,10.35339217783547
2025-07-05 13:10:00,2025-07-05 14:10:00,357.3,9.0,10.35339217783547
2025-07-05 13:20:00,2025-07-05 14:20:00,356.6,8.8,10.123316796105794
2025-07-05 13:30:00,2025-07-05 14:30:00,354.9,8.8,10.123316796105794
2025-07-05 13:40:00,2025-07-05 14:40:00,356.5,8.4,9.663166032646439
2025-07-05 13:50:00,2025-07-05 14:50:00,352.5,8.1,9.318052960051922
2025-07-05 14:00:00,2025-07-05 15:00:00,351.9,7.5,8.62782681486289
2025-07-05 14:10:00,2025-07-05 15:10:00,349.5,7.2,8.282713742268376
2025-07-05 14:20:00,2025-07-05 15:20:00,350.3,7.4,8.512789123998052
2025-07-05 14:30:00,2025-07-05 15:30:00,355.2,7.6,8.742864505727729
2025-07-05 14:40:00,2025-07-05 15:40:00,356.6,7.4,8.512789123998052
2025-07-05 14:50:00,2025-07-05 15:50:00,358.2,7.9,9.087977578322246
2025-07-05 15:00:00,2025-07-05 16:00:00,354.8,8.0,9.203015269187084
2025-07-05 15:10:00,2025-07-05 16:10:00,353.5,8.3,9.5481283417816
2025-07-05 15:20:00,2025-07-05 16:20:00,359.1,8.0,9.203015269187084
2025-07-05 15:30:00,2025-07-05 16:30:00,352.6,8.1,9.318052960051922
2025-07-05 15:40:00,2025-07-05 16:40:00,356.5,8.4,9.663166032646439
2025-07-05 15:50:00,2025-07-05 16:50:00,359.3,8.6,9.893241414376115
2025-07-05 16:00:00,2025-07-05 17:00:00,357.6,8.5,9.778203723511277
2025-07-05 16:10:00,2025-07-05 17:10:00,359.1,8.2,9.43309065091676
2025-07-05 16:20:00,2025-07-05 17:20:00,1.1,8.2,9.43309065091676
2025-07-05 16:30:00,2025-07-05 17:30:00,4.9,8.3,9.5481283417816
2025-07-05 16:40:00,2025-07-05 17:40:00,7.6,7.5,8.62782681486289
2025-07-05 16:50:00,2025-07-05 17:50:00,4.1,7.8,8.972939887457407
2025-07-05 17:00:00,2025-07-05 18:00:00,5.8,7.5,8.62782681486289
2025-07-05 17:10:00,2025-07-05 18:10:00,9.0,7.6,8.742864505727729
2025-07-05 17:20:00,2025-07-05 18:20:00,8.2,7.6,8.742864505727729
2025-07-05 17:30:00,2025-07-05 18:30:00,7.2,7.7,8.857902196592569
2025-07-05 17:40:00,2025-07-05 18:40:00,15.3,7.2,8.282713742268376
2025-07-05 17:50:00,2025-07-05 18:50:00,14.8,6.9,7.93760066967386
2025-07-05 18:00:00,2025-07-05 19:00:00,12.6,6.5,7.477449906214506
2025-07-05 18:10:00,2025-07-05 19:10:00,15.5,6.7,7.707525287944183
2025-07-05 18:20:00,2025-07-05 19:20:00,17.7,6.5,7.477449906214506
2025-07-05 18:30:00,2025-07-05 19:30:00,20.9,6.6,7.5924875970793435
2025-07-05 18:40:00,2025-07-05 19:40:00,18.8,6.3,7.247374524484829
2025-07-05 18:50:00,2025-07-05 19:50:00,20.6,6.2,7.13233683361999
2025-07-05 19:00:00,2025-07-05 20:00:00,22.3,6.2,7.13233683361999
2025-07-05 19:10:00,2025-07-05 20:10:00,20.9,5.7,6.557148379295797
2025-07-05 19:20:00,2025-07-05 20:20:00,29.6,5.5,6.32707299756612
2025-07-05 19:30:00,2025-07-05 20:30:00,29.6,5.1,5.866922234106766
2025-07-05 19:40:00,2025-07-05 20:40:00,26.8,4.9,5.636846852377089
2025-07-05 19:50:00,2025-07-05 20:50:00,29.2,4.3,4.946620707188058
2025-07-05 20:00:00,2025-07-05 21:00:00,37.6,3.4,3.9112814894045105
2025-07-05 20:10:00,2025-07-05 21:10:00,47.8,2.3,2.6458668898912863
2025-07-05 20:20:00,2025-07-05 21:20:00,32.6,3.1,3.566168416809995
2025-07-05 20:30:00,2025-07-05 21:30:00,51.2,2.2,2.5308291990264484
2025-07-05 20:40:00,2025-07-05 21:40:00,59.3,1.5,1.7255653629725782
2025-07-05 20:50:00,2025-07-05 21:50:00,62.4,1.6,1.840603053837417
2025-07-05 21:00:00,2025-07-05 22:00:00,94.4,1.1,1.2654145995132242
2025-07-05 21:10:00,2025-07-05 22:10:00,75.8,0.7,0.8052638360538698
2025-07-05 21:20:00,2025-07-05 22:20:00,60.8,1.2,1.3804522903780625
2025-07-05 21:30:00,2025-07-05 22:30:00,68.3,0.9,1.035339217783547
2025-07-05 21:40:00,2025-07-05 22:40:00,76.7,1.3,1.4954899812429012
2025-07-05 21:50:00,2025-07-05 22:50:00,75.3,1.6,1.840603053837417
2025-07-05 22:00:00,2025-07-05 23:00:00,74.4,1.5,1.7255653629725782
2025-07-05 22:10:00,2025-07-05 23:10:00,56.3,1.1,1.2654145995132242
2025-07-05 22:20:00,2025-07-05 23:20:00,34.4,1.9,2.1857161264319322
2025-07-05 22:30:00,2025-07-05 23:30:00,42.5,1.7,1.9556407447022552
2025-07-05 22:40:00,2025-07-05 23:40:00,17.4,1.7,1.9556407447022552
2025-07-05 22:50:00,2025-07-05 23:50:00,20.6,1.7,1.9556407447022552
2025-07-05 23:00:00,2025-07-06 00:00:00,17.7,2.0,2.300753817296771
2025-07-05 23:10:00,2025-07-06 00:10:00,70.3,1.2,1.3804522903780625
2025-07-05 23:20:00,2025-07-06 00:20:00,77.4,1.2,1.3804522903780625
2025-07-05 23:30:00,2025-07-06 00:30:00,108.2,1.1,1.2654145995132242
2025-07-05 23:40:00,2025-07-06 00:40:00,128.2,0.9,1.035339217783547
2025-07-05 23:50:00,2025-07-06 00:50:00,127.8,1.3,1.4954899812429012
2025-07-06 00:00:00,2025-07-06 01:00:00,137.6,1.2,1.3804522903780625
2025-07-06 00:10:00,2025-07-06 01:10:00,117.9,0.9,1.035339217783547
2025-07-06 00:20:00,2025-07-06 01:20:00,151.6,0.5,0.5751884543241927
2025-07-06 00:30:00,2025-07-06 01:30:00,0.0,0.3,0.3451130725945156
2025-07-06 00:40:00,2025-07-06 01:40:00,77.5,0.9,1.035339217783547
2025-07-06 00:50:00,2025-07-06 01:50:00,147.4,1.2,1.3804522903780625
2025-07-06 01:00:00,2025-07-06 02:00:00,166.4,1.2,1.3804522903780625
2025-07-06 01:10:00,2025-07-06 02:10:00,177.5,1.3,1.4954899812429012
2025-07-06 01:20:00,2025-07-06 02:20:00,142.9,0.9,1.035339217783547
2025-07-06 01:30:00,2025-07-06 02:30:00,116.0,1.0,1.1503769086483855
2025-07-06 01:40:00,2025-07-06 02:40:00,100.2,1.1,1.2654145995132242
2025-07-06 01:50:00,2025-07-06 02:50:00,71.3,1.2,1.3804522903780625
2025-07-06 02:00:00,2025-07-06 03:00:00,142.2,1.2,1.3804522903780625
2025-07-06 02:10:00,2025-07-06 03:10:00,140.9,1.2,1.3804522903780625
2025-07-06 02:20:00,2025-07-06 03:20:00,120.0,1.2,1.3804522903780625
2025-07-06 02:30:00,2025-07-06 03:30:00,130.3,1.2,1.3804522903780625
2025-07-06 02:40:00,2025-07-06 03:40:00,129.5,1.7,1.9556407447022552
2025-07-06 02:50:00,2025-07-06 03:50:00,122.0,1.3,1.4954899812429012
2025-07-06 03:00:00,2025-07-06 04:00:00,127.0,0.9,1.035339217783547
2025-07-06 03:10:00,2025-07-06 04:10:00,123.6,1.4,1.6105276721077395
2025-07-06 03:20:00,2025-07-06 04:20:00,149.2,1.1,1.2654145995132242
2025-07-06 03:30:00,2025-07-06 04:30:00,155.1,0.9,1.035339217783547
2025-07-06 03:40:00,2025-07-06 04:40:00,174.6,0.6,0.6902261451890312
2025-07-06 03:50:00,2025-07-06 04:50:00,195.7,0.0,0.0
2025-07-06 04:00:00,2025-07-06 05:00:00,191.3,0.6,0.6902261451890312
2025-07-06 04:10:00,2025-07-06 05:10:00,183.6,0.5,0.5751884543241927
2025-07-06 04:20:00,2025-07-06 05:20:00,0.0,0.0,0.0
2025-07-06 04:30:00,2025-07-06 05:30:00,145.0,0.7,0.8052638360538698
2025-07-06 04:40:00,2025-07-06 05:40:00,132.8,1.1,1.2654145995132242
2025-07-06 04:50:00,2025-07-06 05:50:00,145.7,1.1,1.2654145995132242
2025-07-06 05:00:00,2025-07-06 06:00:00,158.7,1.0,1.1503769086483855
2025-07-06 05:10:00,2025-07-06 06:10:00,154.3,0.8,0.9203015269187085
2025-07-06 05:20:00,2025-07-06 06:20:00,140.7,0.9,1.035339217783547
2025-07-06 05:30:00,2025-07-06 06:30:00,152.2,0.6,0.6902261451890312
2025-07-06 05:40:00,2025-07-06 06:40:00,176.9,0.8,0.9203015269187085
2025-07-06 05:50:00,2025-07-06 06:50:00,185.5,0.6,0.6902261451890312
2025-07-06 06:00:00,2025-07-06 07:00:00,157.5,0.7,0.8052638360538698
2025-07-06 06:10:00,2025-07-06 07:10:00,169.9,0.8,0.9203015269187085
2025-07-06 06:20:00,2025-07-06 07:20:00,0.0,0.7,0.8052638360538698
2025-07-06 06:30:00,2025-07-06 07:30:00,0.6,1.8,2.070678435567094
2025-07-06 06:40:00,2025-07-06 07:40:00,346.7,2.9,3.3360930350803177
2025-07-06 06:50:00,2025-07-06 07:50:00,337.8,3.6,4.141356871134188
2025-07-06 07:00:00,2025-07-06 08:00:00,334.6,4.0,4.601507634593542
2025-07-06 07:10:00,2025-07-06 08:10:00,340.0,4.9,5.636846852377089
2025-07-06 07:20:00,2025-07-06 08:20:00,353.4,4.7,5.406771470647412
2025-07-06 07:30:00,2025-07-06 08:30:00,352.6,4.7,5.406771470647412
2025-07-06 07:40:00,2025-07-06 08:40:00,354.8,5.2,5.981959924971605
2025-07-06 07:50:00,2025-07-06 08:50:00,354.8,5.1,5.866922234106766
2025-07-06 08:00:00,2025-07-06 09:00:00,354.8,5.1,5.866922234106766
2025-07-06 08:10:00,2025-07-06 09:10:00,353.0,5.4,6.212035306701282
2025-07-06 08:20:00,2025-07-06 09:20:00,354.7,5.8,6.6721860701606355
2025-07-06 08:30:00,2025-07-06 09:30:00,355.9,6.2,7.13233683361999
2025-07-06 08:40:00,2025-07-06 09:40:00,355.9,6.4,7.362412215349668
2025-07-06 08:50:00,2025-07-06 09:50:00,353.2,6.7,7.707525287944183
2025-07-06 09:00:00,2025-07-06 10:00:00,353.0,6.7,7.707525287944183
2025-07-06 09:10:00,2025-07-06 10:10:00,353.8,7.0,8.052638360538698
2025-07-06 09:20:00,2025-07-06 10:20:00,352.3,7.1,8.167676051403536
2025-07-06 09:30:00,2025-07-06 10:30:00,353.6,7.3,8.397751433133214
2025-07-06 09:40:00,2025-07-06 10:40:00,357.0,7.6,8.742864505727729
2025-07-06 09:50:00,2025-07-06 10:50:00,356.6,7.1,8.167676051403536
2025-07-06 10:00:00,2025-07-06 11:00:00,352.2,7.1,8.167676051403536
2025-07-06 10:10:00,2025-07-06 11:10:00,352.9,7.0,8.052638360538698
2025-07-06 10:20:00,2025-07-06 11:20:00,351.8,7.0,8.052638360538698
2025-07-06 10:30:00,2025-07-06 11:30:00,350.0,6.9,7.93760066967386
2025-07-06 10:40:00,2025-07-06 11:40:00,349.2,7.0,8.052638360538698
2025-07-06 10:50:00,2025-07-06 11:50:00,349.3,6.7,7.707525287944183
2025-07-06 11:00:00,2025-07-06 12:00:00,345.4,6.1,7.017299142755151
2025-07-06 11:10:00,2025-07-06 12:10:00,344.7,6.1,7.017299142755151
2025-07-06 11:20:00,2025-07-06 12:20:00,345.9,5.8,6.6721860701606355
2025-07-06 11:30:00,2025-07-06 12:30:00,344.4,6.0,6.902261451890313
2025-07-06 11:40:00,2025-07-06 12:40:00,345.1,6.1,7.017299142755151
2025-07-06 11:50:00,2025-07-06 12:50:00,352.0,6.0,6.902261451890313
2025-07-06 12:00:00,2025-07-06 13:00:00,354.8,6.4,7.362412215349668
2025-07-06 12:10:00,2025-07-06 13:10:00,357.9,6.3,7.247374524484829
2025-07-06 12:20:00,2025-07-06 13:20:00,359.1,6.1,7.017299142755151
2025-07-06 12:30:00,2025-07-06 13:30:00,354.9,5.5,6.32707299756612
2025-07-06 12:40:00,2025-07-06 13:40:00,352.8,5.6,6.442110688430958
2025-07-06 12:50:00,2025-07-06 13:50:00,355.3,5.7,6.557148379295797
2025-07-06 13:00:00,2025-07-06 14:00:00,354.3,5.8,6.6721860701606355
2025-07-06 13:10:00,2025-07-06 14:10:00,353.7,5.6,6.442110688430958
2025-07-06 13:20:00,2025-07-06 14:20:00,355.0,5.8,6.6721860701606355
2025-07-06 13:30:00,2025-07-06 14:30:00,352.1,5.9,6.787223761025475
2025-07-06 13:40:00,2025-07-06 14:40:00,357.0,5.8,6.6721860701606355
2025-07-06 13:50:00,2025-07-06 14:50:00,353.5,5.1,5.866922234106766
2025-07-06 14:00:00,2025-07-06 15:00:00,347.5,5.1,5.866922234106766
2025-07-06 14:10:00,2025-07-06 15:10:00,349.0,4.6,5.2917337797825725
2025-07-06 14:20:00,2025-07-06 15:20:00,350.9,5.3,6.096997615836443
2025-07-06 14:30:00,2025-07-06 15:30:00,359.4,4.8,5.52180916151225
2025-07-06 14:40:00,2025-07-06 15:40:00,356.9,4.7,5.406771470647412
2025-07-06 14:50:00,2025-07-06 15:50:00,350.9,4.6,5.2917337797825725
2025-07-06 15:00:00,2025-07-06 16:00:00,342.5,4.7,5.406771470647412
2025-07-06 15:10:00,2025-07-06 16:10:00,346.7,4.6,5.2917337797825725
2025-07-06 15:20:00,2025-07-06 16:20:00,348.9,4.2,4.831583016323219
2025-07-06 15:30:00,2025-07-06 16:30:00,352.7,3.9,4.486469943728704
2025-07-06 15:40:00,2025-07-06 16:40:00,351.0,3.8,4.3714322528638645
2025-07-06 15:50:00,2025-07-06 16:50:00,347.3,4.2,4.831583016323219
2025-07-06 16:00:00,2025-07-06 17:00:00,344.7,4.7,5.406771470647412
2025-07-06 16:10:00,2025-07-06 17:10:00,351.3,4.4,5.061658398052897
2025-07-06 16:20:00,2025-07-06 17:20:00,355.1,4.2,4.831583016323219
2025-07-06 16:30:00,2025-07-06 17:30:00,356.4,4.0,4.601507634593542
2025-07-06 16:40:00,2025-07-06 17:40:00,2.8,3.7,4.256394561999026
2025-07-06 16:50:00,2025-07-06 17:50:00,358.5,3.9,4.486469943728704
2025-07-06 17:00:00,2025-07-06 18:00:00,353.0,4.3,4.946620707188058
2025-07-06 17:10:00,2025-07-06 18:10:00,355.6,4.6,5.2917337797825725
2025-07-06 17:20:00,2025-07-06 18:20:00,3.5,4.3,4.946620707188058
2025-07-06 17:30:00,2025-07-06 18:30:00,359.7,3.9,4.486469943728704
2025-07-06 17:40:00,2025-07-06 18:40:00,3.0,3.8,4.3714322528638645
2025-07-06 17:50:00,2025-07-06 18:50:00,8.2,3.7,4.256394561999026
2025-07-06 18:00:00,2025-07-06 19:00:00,2.9,3.9,4.486469943728704
2025-07-06 18:10:00,2025-07-06 19:10:00,0.6,3.7,4.256394561999026
2025-07-06 18:20:00,2025-07-06 19:20:00,348.8,3.4,3.9112814894045105
2025-07-06 18:30:00,2025-07-06 19:30:00,345.0,3.6,4.141356871134188
2025-07-06 18:40:00,2025-07-06 19:40:00,338.9,4.3,4.946620707188058
2025-07-06 18:50:00,2025-07-06 19:50:00,328.6,3.7,4.256394561999026
2025-07-06 19:00:00,2025-07-06 20:00:00,324.6,3.3,3.7962437985396718
2025-07-06 19:10:00,2025-07-06 20:10:00,319.1,2.8,3.221055344215479
2025-07-06 19:20:00,2025-07-06 20:20:00,321.7,2.8,3.221055344215479
2025-07-06 19:30:00,2025-07-06 20:30:00,316.3,2.6,2.9909799624858024
2025-07-06 19:40:00,2025-07-06 20:40:00,315.8,2.8,3.221055344215479
2025-07-06 19:50:00,2025-07-06 20:50:00,315.5,2.5,2.8759422716209637
2025-07-06 20:00:00,2025-07-06 21:00:00,297.5,2.1,2.4157915081616097
2025-07-06 20:10:00,2025-07-06 21:10:00,298.2,2.5,2.8759422716209637
2025-07-06 20:20:00,2025-07-06 21:20:00,293.4,2.2,2.5308291990264484
2025-07-06 20:30:00,2025-07-06 21:30:00,312.4,1.0,1.1503769086483855
2025-07-06 20:40:00,2025-07-06 21:40:00,248.7,0.5,0.5751884543241927
2025-07-06 20:50:00,2025-07-06 21:50:00,163.6,1.7,1.9556407447022552
2025-07-06 21:00:00,2025-07-06 22:00:00,179.5,1.4,1.6105276721077395
2025-07-06 21:10:00,2025-07-06 22:10:00,162.3,1.5,1.7255653629725782
2025-07-06 21:20:00,2025-07-06 22:20:00,163.0,1.3,1.4954899812429012
2025-07-06 21:30:00,2025-07-06 22:30:00,196.3,0.9,1.035339217783547
2025-07-06 21:40:00,2025-07-06 22:40:00,217.5,0.7,0.8052638360538698
2025-07-06 21:50:00,2025-07-06 22:50:00,121.8,1.3,1.4954899812429012
2025-07-06 22:00:00,2025-07-06 23:00:00,118.2,2.0,2.300753817296771
2025-07-06 22:10:00,2025-07-06 23:10:00,119.7,2.5,2.8759422716209637
2025-07-06 22:20:00,2025-07-06 23:20:00,125.0,2.1,2.4157915081616097
2025-07-06 22:30:00,2025-07-06 23:30:00,129.0,1.5,1.7255653629725782
2025-07-06 22:40:00,2025-07-06 23:40:00,144.8,1.2,1.3804522903780625
2025-07-06 22:50:00,2025-07-06 23:50:00,190.4,1.1,1.2654145995132242
2025-07-06 23:00:00,2025-07-07 00:00:00,199.0,1.8,2.070678435567094
2025-07-06 23:10:00,2025-07-07 00:10:00,178.5,1.8,2.070678435567094
2025-07-06 23:20:00,2025-07-07 00:20:00,181.7,1.5,1.7255653629725782
2025-07-06 23:30:00,2025-07-07 00:30:00,190.1,1.4,1.6105276721077395
2025-07-06 23:40:00,2025-07-07 00:40:00,189.9,1.7,1.9556407447022552
2025-07-06 23:50:00,2025-07-07 00:50:00,198.1,2.1,2.4157915081616097
2025-07-07 00:00:00,2025-07-07 01:00:00,203.8,2.5,2.8759422716209637
2025-07-07 00:10:00,2025-07-07 01:10:00,202.0,2.7,3.106017653350641
2025-07-07 00:20:00,2025-07-07 01:20:00,192.0,2.1,2.4157915081616097
2025-07-07 00:30:00,2025-07-07 01:30:00,175.8,2.5,2.8759422716209637
2025-07-07 00:40:00,2025-07-07 01:40:00,171.4,2.3,2.6458668898912863
2025-07-07 00:50:00,2025-07-07 01:50:00,166.4,2.0,2.300753817296771
2025-07-07 01:00:00,2025-07-07 02:00:00,159.0,1.5,1.7255653629725782
2025-07-07 01:10:00,2025-07-07 02:10:00,159.0,1.8,2.070678435567094
2025-07-07 01:20:00,2025-07-07 02:20:00,148.1,1.9,2.1857161264319322
2025-07-07 01:30:00,2025-07-07 02:30:00,140.7,2.0,2.300753817296771
2025-07-07 01:40:00,2025-07-07 02:40:00,137.5,2.1,2.4157915081616097
2025-07-07 01:50:00,2025-07-07 02:50:00,142.5,1.6,1.840603053837417
2025-07-07 02:00:00,2025-07-07 03:00:00,133.4,1.3,1.4954899812429012
2025-07-07 02:10:00,2025-07-07 03:10:00,110.9,0.7,0.8052638360538698
2025-07-07 02:20:00,2025-07-07 03:20:00,119.8,0.7,0.8052638360538698
2025-07-07 02:30:00,2025-07-07 03:30:00,118.6,1.0,1.1503769086483855
2025-07-07 02:40:00,2025-07-07 03:40:00,120.5,1.2,1.3804522903780625
2025-07-07 02:50:00,2025-07-07 03:50:00,123.2,0.9,1.035339217783547
2025-07-07 03:00:00,2025-07-07 04:00:00,136.5,1.3,1.4954899812429012
2025-07-07 03:10:00,2025-07-07 04:10:00,144.7,1.2,1.3804522903780625
2025-07-07 03:20:00,2025-07-07 04:20:00,158.6,1.2,1.3804522903780625
2025-07-07 03:30:00,2025-07-07 04:30:00,179.5,1.0,1.1503769086483855
2025-07-07 03:40:00,2025-07-07 04:40:00,198.0,0.8,0.9203015269187085
2025-07-07 03:50:00,2025-07-07 04:50:00,148.1,1.0,1.1503769086483855
2025-07-07 04:00:00,2025-07-07 05:00:00,151.8,1.0,1.1503769086483855
2025-07-07 04:10:00,2025-07-07 05:10:00,161.2,1.2,1.3804522903780625
2025-07-07 04:20:00,2025-07-07 05:20:00,135.0,1.3,1.4954899812429012
2025-07-07 04:30:00,2025-07-07 05:30:00,117.3,1.4,1.6105276721077395
2025-07-07 04:40:00,2025-07-07 05:40:00,154.7,1.9,2.1857161264319322
2025-07-07 04:50:00,2025-07-07 05:50:00,159.0,1.4,1.6105276721077395
2025-07-07 05:00:00,2025-07-07 06:00:00,179.1,1.8,2.070678435567094
2025-07-07 05:10:00,2025-07-07 06:10:00,186.2,2.5,2.8759422716209637
2025-07-07 05:20:00,2025-07-07 06:20:00,180.7,3.4,3.9112814894045105
2025-07-07 05:30:00,2025-07-07 06:30:00,183.5,3.6,4.141356871134188
2025-07-07 05:40:00,2025-07-07 06:40:00,179.2,3.8,4.3714322528638645
2025-07-07 05:50:00,2025-07-07 06:50:00,180.6,4.4,5.061658398052897
2025-07-07 06:00:00,2025-07-07 07:00:00,177.0,4.6,5.2917337797825725
2025-07-07 06:10:00,2025-07-07 07:10:00,181.9,4.6,5.2917337797825725
2025-07-07 06:20:00,2025-07-07 07:20:00,180.9,5.2,5.981959924971605
2025-07-07 06:30:00,2025-07-07 07:30:00,180.8,4.8,5.52180916151225
2025-07-07 06:40:00,2025-07-07 07:40:00,182.9,4.4,5.061658398052897
2025-07-07 06:50:00,2025-07-07 07:50:00,199.4,3.8,4.3714322528638645
2025-07-07 07:00:00,2025-07-07 08:00:00,195.0,4.3,4.946620707188058
2025-07-07 07:10:00,2025-07-07 08:10:00,196.0,4.5,5.176696088917735
2025-07-07 07:20:00,2025-07-07 08:20:00,201.9,4.6,5.2917337797825725
2025-07-07 07:30:00,2025-07-07 08:30:00,201.7,4.5,5.176696088917735
2025-07-07 07:40:00,2025-07-07 08:40:00,195.7,5.0,5.751884543241927
2025-07-07 07:50:00,2025-07-07 08:50:00,196.2,4.6,5.2917337797825725
2025-07-07 08:00:00,2025-07-07 09:00:00,204.3,5.0,5.751884543241927
2025-07-07 08:10:00,2025-07-07 09:10:00,205.0,5.2,5.981959924971605
2025-07-07 08:20:00,2025-07-07 09:20:00,215.4,5.2,5.981959924971605
2025-07-07 08:30:00,2025-07-07 09:30:00,216.8,5.0,5.751884543241927
2025-07-07 08:40:00,2025-07-07 09:40:00,230.8,5.2,5.981959924971605
2025-07-07 08:50:00,2025-07-07 09:50:00,239.9,5.5,6.32707299756612
2025-07-07 09:00:00,2025-07-07 10:00:00,223.9,5.2,5.981959924971605
2025-07-07 09:10:00,2025-07-07 10:10:00,234.1,5.2,5.981959924971605
2025-07-07 09:20:00,2025-07-07 10:20:00,244.6,5.7,6.557148379295797
2025-07-07 09:30:00,2025-07-07 10:30:00,231.1,5.2,5.981959924971605
2025-07-07 09:40:00,2025-07-07 10:40:00,243.0,4.9,5.636846852377089
2025-07-07 09:50:00,2025-07-07 10:50:00,245.8,5.3,6.096997615836443
2025-07-07 10:00:00,2025-07-07 11:00:00,241.9,5.4,6.212035306701282
2025-07-07 10:10:00,2025-07-07 11:10:00,237.8,5.3,6.096997615836443
2025-07-07 10:20:00,2025-07-07 11:20:00,236.7,5.2,5.981959924971605
2025-07-07 10:30:00,2025-07-07 11:30:00,239.6,5.0,5.751884543241927
2025-07-07 10:40:00,2025-07-07 11:40:00,240.0,4.5,5.176696088917735
2025-07-07 10:50:00,2025-07-07 11:50:00,240.1,4.6,5.2917337797825725
2025-07-07 11:00:00,2025-07-07 12:00:00,243.3,4.4,5.061658398052897
2025-07-07 11:10:00,2025-07-07 12:10:00,245.5,4.6,5.2917337797825725
2025-07-07 11:20:00,2025-07-07 12:20:00,239.0,4.4,5.061658398052897
2025-07-07 11:30:00,2025-07-07 12:30:00,250.1,4.4,5.061658398052897
2025-07-07 11:40:00,2025-07-07 12:40:00,253.1,4.4,5.061658398052897
2025-07-07 11:50:00,2025-07-07 12:50:00,247.8,4.3,4.946620707188058
2025-07-07 12:00:00,2025-07-07 13:00:00,243.4,3.8,4.3714322528638645
2025-07-07 12:10:00,2025-07-07 13:10:00,245.4,3.6,4.141356871134188
2025-07-07 12:20:00,2025-07-07 13:20:00,251.8,3.8,4.3714322528638645
2025-07-07 12:30:00,2025-07-07 13:30:00,258.0,4.2,4.831583016323219
2025-07-07 12:40:00,2025-07-07 13:40:00,252.4,4.3,4.946620707188058
2025-07-07 12:50:00,2025-07-07 13:50:00,255.9,4.5,5.176696088917735
2025-07-07 13:00:00,2025-07-07 14:00:00,257.8,4.7,5.406771470647412
2025-07-07 13:10:00,2025-07-07 14:10:00,255.1,4.7,5.406771470647412
2025-07-07 13:20:00,2025-07-07 14:20:00,253.4,4.6,5.2917337797825725
2025-07-07 13:30:00,2025-07-07 14:30:00,254.6,4.6,5.2917337797825725
2025-07-07 13:40:00,2025-07-07 14:40:00,255.5,4.4,5.061658398052897
2025-07-07 13:50:00,2025-07-07 14:50:00,255.7,4.7,5.406771470647412
2025-07-07 14:00:00,2025-07-07 15:00:00,254.7,4.9,5.636846852377089
2025-07-07 14:10:00,2025-07-07 15:10:00,254.0,5.2,5.981959924971605
2025-07-07 14:20:00,2025-07-07 15:20:00,254.5,4.9,5.636846852377089
2025-07-07 14:30:00,2025-07-07 15:30:00,254.7,5.2,5.981959924971605
2025-07-07 14:40:00,2025-07-07 15:40:00,251.8,5.5,6.32707299756612
2025-07-07 14:50:00,2025-07-07 15:50:00,249.7,5.4,6.212035306701282
2025-07-07 15:00:00,2025-07-07 16:00:00,251.9,5.6,6.442110688430958
2025-07-07 15:10:00,2025-07-07 16:10:00,252.5,5.6,6.442110688430958
2025-07-07 15:20:00,2025-07-07 16:20:00,250.9,5.2,5.981959924971605
2025-07-07 15:30:00,2025-07-07 16:30:00,251.3,5.3,6.096997615836443
2025-07-07 15:40:00,2025-07-07 16:40:00,245.9,4.9,5.636846852377089
2025-07-07 15:50:00,2025-07-07 16:50:00,244.1,4.9,5.636846852377089
2025-07-07 16:00:00,2025-07-07 17:00:00,243.4,4.5,5.176696088917735
2025-07-07 16:10:00,2025-07-07 17:10:00,243.9,4.5,5.176696088917735
2025-07-07 16:20:00,2025-07-07 17:20:00,238.5,4.2,4.831583016323219
2025-07-07 16:30:00,2025-07-07 17:30:00,239.3,3.9,4.486469943728704
2025-07-07 16:40:00,2025-07-07 17:40:00,242.0,3.9,4.486469943728704
2025-07-07 16:50:00,2025-07-07 17:50:00,239.3,3.5,4.026319180269349
2025-07-07 17:00:00,2025-07-07 18:00:00,235.8,3.2,3.681206107674834
2025-07-07 17:10:00,2025-07-07 18:10:00,243.4,3.3,3.7962437985396718
2025-07-07 17:20:00,2025-07-07 18:20:00,240.6,3.0,3.4511307259451565
2025-07-07 17:30:00,2025-07-07 18:30:00,236.7,2.9,3.3360930350803177
2025-07-07 17:40:00,2025-07-07 18:40:00,225.6,2.8,3.221055344215479
2025-07-07 17:50:00,2025-07-07 18:50:00,208.0,3.2,3.681206107674834
2025-07-07 18:00:00,2025-07-07 19:00:00,204.6,3.5,4.026319180269349
2025-07-07 18:10:00,2025-07-07 19:10:00,202.8,3.3,3.7962437985396718
2025-07-07 18:20:00,2025-07-07 19:20:00,195.9,2.9,3.3360930350803177
2025-07-07 18:30:00,2025-07-07 19:30:00,193.9,3.1,3.566168416809995
2025-07-07 18:40:00,2025-07-07 19:40:00,196.0,2.7,3.106017653350641
2025-07-07 18:50:00,2025-07-07 19:50:00,204.8,2.4,2.760904580756125
2025-07-07 19:00:00,2025-07-07 20:00:00,206.5,2.1,2.4157915081616097
2025-07-07 19:10:00,2025-07-07 20:10:00,207.4,2.2,2.5308291990264484
2025-07-07 19:20:00,2025-07-07 20:20:00,206.8,2.5,2.8759422716209637
2025-07-07 19:30:00,2025-07-07 20:30:00,207.8,3.1,3.566168416809995
2025-07-07 19:40:00,2025-07-07 20:40:00,194.8,2.8,3.221055344215479
2025-07-07 19:50:00,2025-07-07 20:50:00,191.1,2.7,3.106017653350641
2025-07-07 20:00:00,2025-07-07 21:00:00,196.7,3.2,3.681206107674834
2025-07-07 20:10:00,2025-07-07 21:10:00,210.1,3.6,4.141356871134188
2025-07-07 20:20:00,2025-07-07 21:20:00,212.7,3.6,4.141356871134188
2025-07-07 20:30:00,2025-07-07 21:30:00,207.4,4.0,4.601507634593542
2025-07-07 20:40:00,2025-07-07 21:40:00,208.3,3.7,4.256394561999026
2025-07-07 20:50:00,2025-07-07 21:50:00,208.4,3.5,4.026319180269349
2025-07-07 21:00:00,2025-07-07 22:00:00,205.4,3.8,4.3714322528638645
2025-07-07 21:10:00,2025-07-07 22:10:00,201.2,3.5,4.026319180269349
2025-07-07 21:20:00,2025-07-07 22:20:00,197.0,3.9,4.486469943728704
2025-07-07 21:30:00,2025-07-07 22:30:00,196.0,2.9,3.3360930350803177
2025-07-07 21:40:00,2025-07-07 22:40:00,193.2,2.6,2.9909799624858024
2025-07-07 21:50:00,2025-07-07 22:50:00,197.4,2.7,3.106017653350641
2025-07-07 22:00:00,2025-07-07 23:00:00,191.6,2.3,2.6458668898912863
2025-07-07 22:10:00,2025-07-07 23:10:00,180.5,2.0,2.300753817296771
2025-07-07 22:20:00,2025-07-07 23:20:00,176.8,1.9,2.1857161264319322
2025-07-07 22:30:00,2025-07-07 23:30:00,175.0,1.8,2.070678435567094
2025-07-07 22:40:00,2025-07-07 23:40:00,164.0,1.7,1.9556407447022552
2025-07-07 22:50:00,2025-07-07 23:50:00,192.6,1.3,1.4954899812429012
2025-07-07 23:00:00,2025-07-08 00:00:00,207.1,2.1,2.4157915081616097
2025-07-07 23:10:00,2025-07-08 00:10:00,210.5,2.6,2.9909799624858024
2025-07-07 23:20:00,2025-07-08 00:20:00,216.2,2.5,2.8759422716209637
2025-07-07 23:30:00,2025-07-08 00:30:00,211.3,2.7,3.106017653350641
2025-07-07 23:40:00,2025-07-08 00:40:00,201.4,3.1,3.566168416809995
2025-07-07 23:50:00,2025-07-08 00:50:00,188.9,2.1,2.4157915081616097
2025-07-08 00:00:00,2025-07-08 01:00:00,192.9,1.6,1.840603053837417
2025-07-08 00:10:00,2025-07-08 01:10:00,188.2,2.1,2.4157915081616097
2025-07-08 00:20:00,2025-07-08 01:20:00,191.3,2.0,2.300753817296771
2025-07-08 00:30:00,2025-07-08 01:30:00,189.0,2.3,2.6458668898912863
2025-07-08 00:40:00,2025-07-08 01:40:00,188.0,2.4,2.760904580756125
2025-07-08 00:50:00,2025-07-08 01:50:00,183.7,2.0,2.300753817296771
2025-07-08 01:00:00,2025-07-08 02:00:00,187.7,1.5,1.7255653629725782
2025-07-08 01:10:00,2025-07-08 02:10:00,189.3,1.6,1.840603053837417
2025-07-08 01:20:00,2025-07-08 02:20:00,170.4,1.8,2.070678435567094
2025-07-08 01:30:00,2025-07-08 02:30:00,174.4,2.0,2.300753817296771
2025-07-08 01:40:00,2025-07-08 02:40:00,191.4,2.2,2.5308291990264484
2025-07-08 01:50:00,2025-07-08 02:50:00,185.6,2.1,2.4157915081616097
2025-07-08 02:00:00,2025-07-08 03:00:00,186.5,2.2,2.5308291990264484
2025-07-08 02:10:00,2025-07-08 03:10:00,190.4,1.4,1.6105276721077395
2025-07-08 02:20:00,2025-07-08 03:20:00,195.1,1.4,1.6105276721077395
2025-07-08 02:30:00,2025-07-08 03:30:00,189.4,0.8,0.9203015269187085
2025-07-08 02:40:00,2025-07-08 03:40:00,168.0,0.5,0.5751884543241927
2025-07-08 02:50:00,2025-07-08 03:50:00,163.2,1.1,1.2654145995132242
2025-07-08 03:00:00,2025-07-08 04:00:00,197.5,1.0,1.1503769086483855
2025-07-08 03:10:00,2025-07-08 04:10:00,209.4,1.2,1.3804522903780625
2025-07-08 03:20:00,2025-07-08 04:20:00,170.5,1.5,1.7255653629725782
2025-07-08 03:30:00,2025-07-08 04:30:00,189.8,1.7,1.9556407447022552
2025-07-08 03:40:00,2025-07-08 04:40:00,174.1,2.7,3.106017653350641
2025-07-08 03:50:00,2025-07-08 04:50:00,168.7,1.8,2.070678435567094
2025-07-08 04:00:00,2025-07-08 05:00:00,178.7,1.5,1.7255653629725782
2025-07-08 04:10:00,2025-07-08 05:10:00,149.5,1.6,1.840603053837417
2025-07-08 04:20:00,2025-07-08 05:20:00,176.2,0.9,1.035339217783547
2025-07-08 04:30:00,2025-07-08 05:30:00,199.4,1.1,1.2654145995132242
2025-07-08 04:40:00,2025-07-08 05:40:00,157.6,0.7,0.8052638360538698
2025-07-08 04:50:00,2025-07-08 05:50:00,170.4,1.6,1.840603053837417
2025-07-08 05:00:00,2025-07-08 06:00:00,179.9,1.7,1.9556407447022552
2025-07-08 05:10:00,2025-07-08 06:10:00,180.5,1.8,2.070678435567094
2025-07-08 05:20:00,2025-07-08 06:20:00,194.8,2.1,2.4157915081616097
2025-07-08 05:30:00,2025-07-08 06:30:00,190.9,2.5,2.8759422716209637
2025-07-08 05:40:00,2025-07-08 06:40:00,190.2,2.2,2.5308291990264484
2025-07-08 05:50:00,2025-07-08 06:50:00,190.6,3.3,3.7962437985396718
2025-07-08 06:00:00,2025-07-08 07:00:00,195.2,3.1,3.566168416809995
2025-07-08 06:10:00,2025-07-08 07:10:00,205.3,2.4,2.760904580756125
2025-07-08 06:20:00,2025-07-08 07:20:00,208.5,2.6,2.9909799624858024
2025-07-08 06:30:00,2025-07-08 07:30:00,214.3,2.2,2.5308291990264484
2025-07-08 06:40:00,2025-07-08 07:40:00,223.2,2.1,2.4157915081616097
2025-07-08 06:50:00,2025-07-08 07:50:00,230.1,2.3,2.6458668898912863
2025-07-08 07:00:00,2025-07-08 08:00:00,234.7,2.1,2.4157915081616097
2025-07-08 07:10:00,2025-07-08 08:10:00,248.7,2.3,2.6458668898912863
2025-07-08 07:20:00,2025-07-08 08:20:00,252.0,2.2,2.5308291990264484
2025-07-08 07:30:00,2025-07-08 08:30:00,251.9,2.0,2.300753817296771
2025-07-08 07:40:00,2025-07-08 08:40:00,248.8,2.4,2.760904580756125
2025-07-08 07:50:00,2025-07-08 08:50:00,257.0,2.5,2.8759422716209637
2025-07-08 08:00:00,2025-07-08 09:00:00,249.7,2.4,2.760904580756125
2025-07-08 08:10:00,2025-07-08 09:10:00,253.7,2.5,2.8759422716209637
2025-07-08 08:20:00,2025-07-08 09:20:00,249.1,2.7,3.106017653350641
2025-07-08 08:30:00,2025-07-08 09:30:00,247.4,2.8,3.221055344215479
2025-07-08 08:40:00,2025-07-08 09:40:00,252.8,2.9,3.3360930350803177
2025-07-08 08:50:00,2025-07-08 09:50:00,252.5,2.8,3.221055344215479
2025-07-08 09:00:00,2025-07-08 10:00:00,252.9,3.1,3.566168416809995
2025-07-08 09:10:00,2025-07-08 10:10:00,270.9,3.1,3.566168416809995
2025-07-08 09:20:00,2025-07-08 10:20:00,271.0,3.3,3.7962437985396718
2025-07-08 09:30:00,2025-07-08 10:30:00,269.1,3.3,3.7962437985396718
2025-07-08 09:40:00,2025-07-08 10:40:00,276.0,3.8,4.3714322528638645
2025-07-08 09:50:00,2025-07-08 10:50:00,273.3,3.4,3.9112814894045105
2025-07-08 10:00:00,2025-07-08 11:00:00,269.3,3.4,3.9112814894045105
2025-07-08 10:10:00,2025-07-08 11:10:00,271.1,3.3,3.7962437985396718
2025-07-08 10:20:00,2025-07-08 11:20:00,280.8,4.0,4.601507634593542
2025-07-08 10:30:00,2025-07-08 11:30:00,284.3,4.2,4.831583016323219
2025-07-08 10:40:00,2025-07-08 11:40:00,291.0,4.5,5.176696088917735
2025-07-08 10:50:00,2025-07-08 11:50:00,286.4,4.7,5.406771470647412
2025-07-08 11:00:00,2025-07-08 12:00:00,284.7,3.9,4.486469943728704
2025-07-08 11:10:00,2025-07-08 12:10:00,291.4,4.9,5.636846852377089
2025-07-08 11:20:00,2025-07-08 12:20:00,304.4,5.4,6.212035306701282
2025-07-08 11:30:00,2025-07-08 12:30:00,314.6,5.5,6.32707299756612
2025-07-08 11:40:00,2025-07-08 12:40:00,308.4,5.2,5.981959924971605
2025-07-08 11:50:00,2025-07-08 12:50:00,305.6,4.9,5.636846852377089
2025-07-08 12:00:00,2025-07-08 13:00:00,291.2,4.1,4.71654532545838
2025-07-08 12:10:00,2025-07-08 13:10:00,295.1,3.7,4.256394561999026
2025-07-08 12:20:00,2025-07-08 13:20:00,297.3,3.5,4.026319180269349
2025-07-08 12:30:00,2025-07-08 13:30:00,307.4,3.3,3.7962437985396718
2025-07-08 12:40:00,2025-07-08 13:40:00,338.1,3.6,4.141356871134188
2025-07-08 12:50:00,2025-07-08 13:50:00,343.0,4.1,4.71654532545838
2025-07-08 13:00:00,2025-07-08 14:00:00,340.5,5.1,5.866922234106766
2025-07-08 13:10:00,2025-07-08 14:10:00,342.2,5.3,6.096997615836443
2025-07-08 13:20:00,2025-07-08 14:20:00,346.5,5.1,5.866922234106766
2025-07-08 13:30:00,2025-07-08 14:30:00,336.2,5.8,6.6721860701606355
2025-07-08 13:40:00,2025-07-08 14:40:00,331.5,6.1,7.017299142755151
2025-07-08 13:50:00,2025-07-08 14:50:00,321.0,6.1,7.017299142755151
2025-07-08 14:00:00,2025-07-08 15:00:00,337.3,6.9,7.93760066967386
2025-07-08 14:10:00,2025-07-08 15:10:00,337.1,7.2,8.282713742268376
2025-07-08 14:20:00,2025-07-08 15:20:00,338.8,7.8,8.972939887457407
2025-07-08 14:30:00,2025-07-08 15:30:00,343.3,7.6,8.742864505727729
2025-07-08 14:40:00,2025-07-08 15:40:00,344.7,7.6,8.742864505727729
2025-07-08 14:50:00,2025-07-08 15:50:00,341.2,7.6,8.742864505727729
2025-07-08 15:00:00,2025-07-08 16:00:00,339.9,7.8,8.972939887457407
2025-07-08 15:10:00,2025-07-08 16:10:00,343.7,7.4,8.512789123998052
2025-07-08 15:20:00,2025-07-08 16:20:00,350.1,7.5,8.62782681486289
2025-07-08 15:30:00,2025-07-08 16:30:00,344.4,7.7,8.857902196592569
2025-07-08 15:40:00,2025-07-08 16:40:00,339.9,7.8,8.972939887457407
2025-07-08 15:50:00,2025-07-08 16:50:00,335.8,7.4,8.512789123998052
2025-07-08 16:00:00,2025-07-08 17:00:00,340.8,6.5,7.477449906214506
2025-07-08 16:10:00,2025-07-08 17:10:00,343.2,6.7,7.707525287944183
2025-07-08 16:20:00,2025-07-08 17:20:00,344.7,6.7,7.707525287944183
2025-07-08 16:30:00,2025-07-08 17:30:00,347.3,6.6,7.5924875970793435
2025-07-08 16:40:00,2025-07-08 17:40:00,350.6,7.5,8.62782681486289
2025-07-08 16:50:00,2025-07-08 17:50:00,347.3,7.4,8.512789123998052
2025-07-08 17:00:00,2025-07-08 18:00:00,341.6,6.4,7.362412215349668
2025-07-08 17:10:00,2025-07-08 18:10:00,346.2,6.4,7.362412215349668
2025-07-08 17:20:00,2025-07-08 18:20:00,342.0,6.1,7.017299142755151
2025-07-08 17:30:00,2025-07-08 18:30:00,343.4,5.5,6.32707299756612
2025-07-08 17:40:00,2025-07-08 18:40:00,344.8,5.7,6.557148379295797
2025-07-08 17:50:00,2025-07-08 18:50:00,343.7,4.8,5.52180916151225
2025-07-08 18:00:00,2025-07-08 19:00:00,339.4,5.0,5.751884543241927
2025-07-08 18:10:00,2025-07-08 19:10:00,317.4,4.5,5.176696088917735
2025-07-08 18:20:00,2025-07-08 19:20:00,321.2,4.2,4.831583016323219
2025-07-08 18:30:00,2025-07-08 19:30:00,308.5,5.1,5.866922234106766
2025-07-08 18:40:00,2025-07-08 19:40:00,300.3,5.1,5.866922234106766
2025-07-08 18:50:00,2025-07-08 19:50:00,303.1,4.8,5.52180916151225
2025-07-08 19:00:00,2025-07-08 20:00:00,314.7,4.7,5.406771470647412
2025-07-08 19:10:00,2025-07-08 20:10:00,316.9,5.0,5.751884543241927
2025-07-08 19:20:00,2025-07-08 20:20:00,313.1,4.7,5.406771470647412
2025-07-08 19:30:00,2025-07-08 20:30:00,314.5,4.7,5.406771470647412
2025-07-08 19:40:00,2025-07-08 20:40:00,319.1,5.2,5.981959924971605
2025-07-08 19:50:00,2025-07-08 20:50:00,317.1,5.1,5.866922234106766
2025-07-08 20:00:00,2025-07-08 21:00:00,317.4,5.2,5.981959924971605
2025-07-08 20:10:00,2025-07-08 21:10:00,311.5,4.2,4.831583016323219
2025-07-08 20:20:00,2025-07-08 21:20:00,316.7,3.7,4.256394561999026
2025-07-08 20:30:00,2025-07-08 21:30:00,313.5,3.6,4.141356871134188
2025-07-08 20:40:00,2025-07-08 21:40:00,318.4,3.6,4.141356871134188
2025-07-08 20:50:00,2025-07-08 21:50:00,320.9,4.0,4.601507634593542
2025-07-08 21:00:00,2025-07-08 22:00:00,331.2,5.6,6.442110688430958
2025-07-08 21:10:00,2025-07-08 22:10:00,329.2,6.8,7.822562978809021
2025-07-08 21:20:00,2025-07-08 22:20:00,331.6,7.4,8.512789123998052
2025-07-08 21:30:00,2025-07-08 22:30:00,329.7,6.5,7.477449906214506
2025-07-08 21:40:00,2025-07-08 22:40:00,325.7,5.9,6.787223761025475
2025-07-08 21:50:00,2025-07-08 22:50:00,325.1,6.1,7.017299142755151
2025-07-08 22:00:00,2025-07-08 23:00:00,321.8,5.4,6.212035306701282
2025-07-08 22:10:00,2025-07-08 23:10:00,324.1,5.9,6.787223761025475
2025-07-08 22:20:00,2025-07-08 23:20:00,321.2,6.3,7.247374524484829
2025-07-08 22:30:00,2025-07-08 23:30:00,319.4,5.4,6.212035306701282
2025-07-08 22:40:00,2025-07-08 23:40:00,318.1,6.2,7.13233683361999
2025-07-08 22:50:00,2025-07-08 23:50:00,322.0,5.8,6.6721860701606355
2025-07-08 23:00:00,2025-07-09 00:00:00,325.2,5.7,6.557148379295797
2025-07-08 23:10:00,2025-07-09 00:10:00,323.8,5.6,6.442110688430958
2025-07-08 23:20:00,2025-07-09 00:20:00,319.3,6.6,7.5924875970793435
2025-07-08 23:30:00,2025-07-09 00:30:00,320.3,6.4,7.362412215349668
2025-07-08 23:40:00,2025-07-09 00:40:00,325.4,6.3,7.247374524484829
2025-07-08 23:50:00,2025-07-09 00:50:00,326.1,6.0,6.902261451890313
2025-07-09 00:00:00,2025-07-09 01:00:00,325.3,5.6,6.442110688430958
2025-07-09 00:10:00,2025-07-09 01:10:00,323.1,6.2,7.13233683361999
2025-07-09 00:20:00,2025-07-09 01:20:00,323.9,6.2,7.13233683361999
2025-07-09 00:30:00,2025-07-09 01:30:00,322.5,6.4,7.362412215349668
2025-07-09 00:40:00,2025-07-09 01:40:00,331.6,6.6,7.5924875970793435
2025-07-09 00:50:00,2025-07-09 01:50:00,333.5,7.5,8.62782681486289
2025-07-09 01:00:00,2025-07-09 02:00:00,332.8,7.5,8.62782681486289
2025-07-09 01:10:00,2025-07-09 02:10:00,330.2,7.7,8.857902196592569
2025-07-09 01:20:00,2025-07-09 02:20:00,333.5,6.8,7.822562978809021
2025-07-09 01:30:00,2025-07-09 02:30:00,331.3,7.6,8.742864505727729
2025-07-09 01:40:00,2025-07-09 02:40:00,331.8,8.0,9.203015269187084
2025-07-09 01:50:00,2025-07-09 02:50:00,332.6,7.5,8.62782681486289
2025-07-09 02:00:00,2025-07-09 03:00:00,340.0,7.4,8.512789123998052
2025-07-09 02:10:00,2025-07-09 03:10:00,334.0,7.8,8.972939887457407
2025-07-09 02:20:00,2025-07-09 03:20:00,327.6,6.7,7.707525287944183
2025-07-09 02:30:00,2025-07-09 03:30:00,330.8,6.9,7.93760066967386
2025-07-09 02:40:00,2025-07-09 03:40:00,330.7,7.0,8.052638360538698
2025-07-09 02:50:00,2025-07-09 03:50:00,328.3,7.0,8.052638360538698
2025-07-09 03:00:00,2025-07-09 04:00:00,330.3,6.9,7.93760066967386
2025-07-09 03:10:00,2025-07-09 04:10:00,327.1,6.9,7.93760066967386
2025-07-09 03:20:00,2025-07-09 04:20:00,327.3,6.5,7.477449906214506
2025-07-09 03:30:00,2025-07-09 04:30:00,324.2,6.4,7.362412215349668
2025-07-09 03:40:00,2025-07-09 04:40:00,325.4,6.2,7.13233683361999
2025-07-09 03:50:00,2025-07-09 04:50:00,325.8,6.1,7.017299142755151
2025-07-09 04:00:00,2025-07-09 05:00:00,331.0,7.4,8.512789123998052
2025-07-09 04:10:00,2025-07-09 05:10:00,333.4,7.6,8.742864505727729
2025-07-09 04:20:00,2025-07-09 05:20:00,330.9,7.5,8.62782681486289
2025-07-09 04:30:00,2025-07-09 05:30:00,332.6,7.4,8.512789123998052
2025-07-09 04:40:00,2025-07-09 05:40:00,331.5,6.8,7.822562978809021
2025-07-09 04:50:00,2025-07-09 05:50:00,325.5,6.0,6.902261451890313
2025-07-09 05:00:00,2025-07-09 06:00:00,334.7,6.6,7.5924875970793435
2025-07-09 05:10:00,2025-07-09 06:10:00,335.6,7.1,8.167676051403536
2025-07-09 05:20:00,2025-07-09 06:20:00,333.2,7.2,8.282713742268376
2025-07-09 05:30:00,2025-07-09 06:30:00,332.8,7.1,8.167676051403536
2025-07-09 05:40:00,2025-07-09 06:40:00,333.8,7.4,8.512789123998052
2025-07-09 05:50:00,2025-07-09 06:50:00,335.0,8.0,9.203015269187084
2025-07-09 06:00:00,2025-07-09 07:00:00,335.5,8.1,9.318052960051922
2025-07-09 06:10:00,2025-07-09 07:10:00,335.9,8.0,9.203015269187084
2025-07-09 06:20:00,2025-07-09 07:20:00,333.7,8.1,9.318052960051922
2025-07-09 06:30:00,2025-07-09 07:30:00,353.8,6.9,7.93760066967386
2025-07-09 06:40:00,2025-07-09 07:40:00,351.8,7.7,8.857902196592569
2025-07-09 06:50:00,2025-07-09 07:50:00,358.5,7.9,9.087977578322246
2025-07-09 07:00:00,2025-07-09 08:00:00,358.3,7.5,8.62782681486289
2025-07-09 07:10:00,2025-07-09 08:10:00,355.2,7.6,8.742864505727729
2025-07-09 07:20:00,2025-07-09 08:20:00,355.1,7.8,8.972939887457407
2025-07-09 07:30:00,2025-07-09 08:30:00,1.4,8.4,9.663166032646439
2025-07-09 07:40:00,2025-07-09 08:40:00,359.9,8.5,9.778203723511277
2025-07-09 07:50:00,2025-07-09 08:50:00,359.8,8.3,9.5481283417816
2025-07-09 08:00:00,2025-07-09 09:00:00,5.2,8.1,9.318052960051922
2025-07-09 08:10:00,2025-07-09 09:10:00,1.0,8.0,9.203015269187084
2025-07-09 08:20:00,2025-07-09 09:20:00,7.0,7.1,8.167676051403536
2025-07-09 08:30:00,2025-07-09 09:30:00,2.0,7.1,8.167676051403536
2025-07-09 08:40:00,2025-07-09 09:40:00,1.9,7.3,8.397751433133214
2025-07-09 08:50:00,2025-07-09 09:50:00,358.5,7.2,8.282713742268376
2025-07-09 09:00:00,2025-07-09 10:00:00,358.4,7.6,8.742864505727729
2025-07-09 09:10:00,2025-07-09 10:10:00,2.8,7.0,8.052638360538698
2025-07-09 09:20:00,2025-07-09 10:20:00,0.8,7.0,8.052638360538698
2025-07-09 09:30:00,2025-07-09 10:30:00,360.0,6.9,7.93760066967386
2025-07-09 09:40:00,2025-07-09 10:40:00,359.2,7.5,8.62782681486289
2025-07-09 09:50:00,2025-07-09 10:50:00,360.0,8.0,9.203015269187084
2025-07-09 10:00:00,2025-07-09 11:00:00,357.5,7.8,8.972939887457407
2025-07-09 10:10:00,2025-07-09 11:10:00,358.1,8.1,9.318052960051922
2025-07-09 10:20:00,2025-07-09 11:20:00,357.4,8.1,9.318052960051922
2025-07-09 10:30:00,2025-07-09 11:30:00,3.7,7.7,8.857902196592569
2025-07-09 10:40:00,2025-07-09 11:40:00,3.4,7.8,8.972939887457407
2025-07-09 10:50:00,2025-07-09 11:50:00,4.6,7.8,8.972939887457407
2025-07-09 11:00:00,2025-07-09 12:00:00,2.4,8.0,9.203015269187084
2025-07-09 11:10:00,2025-07-09 12:10:00,1.6,7.9,9.087977578322246
2025-07-09 11:20:00,2025-07-09 12:20:00,357.8,8.2,9.43309065091676
2025-07-09 11:30:00,2025-07-09 12:30:00,359.7,7.7,8.857902196592569
2025-07-09 11:40:00,2025-07-09 12:40:00,4.1,8.3,9.5481283417816
2025-07-09 11:50:00,2025-07-09 12:50:00,359.6,8.2,9.43309065091676
2025-07-09 12:00:00,2025-07-09 13:00:00,358.1,8.1,9.318052960051922
2025-07-09 12:10:00,2025-07-09 13:10:00,359.7,8.1,9.318052960051922
2025-07-09 12:20:00,2025-07-09 13:20:00,0.5,8.0,9.203015269187084
2025-07-09 12:30:00,2025-07-09 13:30:00,0.9,8.2,9.43309065091676
2025-07-09 12:40:00,2025-07-09 13:40:00,359.1,8.5,9.778203723511277
2025-07-09 12:50:00,2025-07-09 13:50:00,356.6,8.6,9.893241414376115
2025-07-09 13:00:00,2025-07-09 14:00:00,354.2,8.0,9.203015269187084
2025-07-09 13:10:00,2025-07-09 14:10:00,4.2,7.8,8.972939887457407
2025-07-09 13:20:00,2025-07-09 14:20:00,359.8,8.5,9.778203723511277
2025-07-09 13:30:00,2025-07-09 14:30:00,357.1,9.0,10.35339217783547
2025-07-09 13:40:00,2025-07-09 14:40:00,356.4,8.8,10.123316796105794
2025-07-09 13:50:00,2025-07-09 14:50:00,359.9,8.9,10.238354486970632
2025-07-09 14:00:00,2025-07-09 15:00:00,1.3,9.1,10.468429868700307
2025-07-09 14:10:00,2025-07-09 15:10:00,5.0,9.0,10.35339217783547
2025-07-09 14:20:00,2025-07-09 15:20:00,1.4,9.6,11.0436183230245
2025-07-09 14:30:00,2025-07-09 15:30:00,11.6,8.9,10.238354486970632
2025-07-09 14:40:00,2025-07-09 15:40:00,19.5,8.5,9.778203723511277
2025-07-09 14:50:00,2025-07-09 15:50:00,14.8,8.6,9.893241414376115
2025-07-09 15:00:00,2025-07-09 16:00:00,19.4,8.7,10.008279105240954
2025-07-09 15:10:00,2025-07-09 16:10:00,16.2,8.7,10.008279105240954
2025-07-09 15:20:00,2025-07-09 16:20:00,18.1,9.3,10.698505250429985
2025-07-09 15:30:00,2025-07-09 16:30:00,12.0,9.3,10.698505250429985
2025-07-09 15:40:00,2025-07-09 16:40:00,19.0,8.9,10.238354486970632
2025-07-09 15:50:00,2025-07-09 16:50:00,18.4,9.1,10.468429868700307
2025-07-09 16:00:00,2025-07-09 17:00:00,14.3,9.0,10.35339217783547
2025-07-09 16:10:00,2025-07-09 17:10:00,20.2,8.6,9.893241414376115
2025-07-09 16:20:00,2025-07-09 17:20:00,20.9,8.6,9.893241414376115
2025-07-09 16:30:00,2025-07-09 17:30:00,15.0,8.6,9.893241414376115
2025-07-09 16:40:00,2025-07-09 17:40:00,13.2,8.7,10.008279105240954
2025-07-09 16:50:00,2025-07-09 17:50:00,20.3,8.9,10.238354486970632
2025-07-09 17:00:00,2025-07-09 18:00:00,17.0,8.9,10.238354486970632
2025-07-09 17:10:00,2025-07-09 18:10:00,20.6,8.5,9.778203723511277
2025-07-09 17:20:00,2025-07-09 18:20:00,17.8,8.3,9.5481283417816
2025-07-09 17:30:00,2025-07-09 18:30:00,17.2,7.8,8.972939887457407
2025-07-09 17:40:00,2025-07-09 18:40:00,17.9,8.1,9.318052960051922
2025-07-09 17:50:00,2025-07-09 18:50:00,18.3,7.6,8.742864505727729
2025-07-09 18:00:00,2025-07-09 19:00:00,19.3,7.1,8.167676051403536
2025-07-09 18:10:00,2025-07-09 19:10:00,21.2,6.6,7.5924875970793435
2025-07-09 18:20:00,2025-07-09 19:20:00,18.7,7.2,8.282713742268376
2025-07-09 18:30:00,2025-07-09 19:30:00,26.7,6.3,7.247374524484829
2025-07-09 18:40:00,2025-07-09 19:40:00,24.2,5.8,6.6721860701606355
2025-07-09 18:50:00,2025-07-09 19:50:00,22.2,5.9,6.787223761025475
2025-07-09 19:00:00,2025-07-09 20:00:00,28.5,4.8,5.52180916151225
2025-07-09 19:10:00,2025-07-09 20:10:00,29.0,4.6,5.2917337797825725
2025-07-09 19:20:00,2025-07-09 20:20:00,30.7,5.0,5.751884543241927
2025-07-09 19:30:00,2025-07-09 20:30:00,31.3,4.5,5.176696088917735
2025-07-09 19:40:00,2025-07-09 20:40:00,25.1,4.7,5.406771470647412
2025-07-09 19:50:00,2025-07-09 20:50:00,25.4,5.0,5.751884543241927
2025-07-09 20:00:00,2025-07-09 21:00:00,26.5,4.7,5.406771470647412
2025-07-09 20:10:00,2025-07-09 21:10:00,31.3,4.7,5.406771470647412
2025-07-09 20:20:00,2025-07-09 21:20:00,31.7,4.2,4.831583016323219
2025-07-09 20:30:00,2025-07-09 21:30:00,42.0,3.6,4.141356871134188
2025-07-09 20:40:00,2025-07-09 21:40:00,35.8,3.5,4.026319180269349
2025-07-09 20:50:00,2025-07-09 21:50:00,41.3,3.0,3.4511307259451565
2025-07-09 21:00:00,2025-07-09 22:00:00,56.7,2.0,2.300753817296771
2025-07-09 21:10:00,2025-07-09 22:10:00,44.8,2.6,2.9909799624858024
2025-07-09 21:20:00,2025-07-09 22:20:00,30.7,3.5,4.026319180269349
2025-07-09 21:30:00,2025-07-09 22:30:00,33.9,3.3,3.7962437985396718
2025-07-09 21:40:00,2025-07-09 22:40:00,58.6,1.9,2.1857161264319322
2025-07-09 21:50:00,2025-07-09 22:50:00,75.0,2.1,2.4157915081616097
2025-07-09 22:00:00,2025-07-09 23:00:00,76.2,1.9,2.1857161264319322
2025-07-09 22:10:00,2025-07-09 23:10:00,80.6,2.0,2.300753817296771
2025-07-09 22:20:00,2025-07-09 23:20:00,80.0,1.8,2.070678435567094
2025-07-09 22:30:00,2025-07-09 23:30:00,88.3,1.7,1.9556407447022552
2025-07-09 22:40:00,2025-07-09 23:40:00,83.9,2.0,2.300753817296771
2025-07-09 22:50:00,2025-07-09 23:50:00,81.2,1.9,2.1857161264319322
2025-07-09 23:00:00,2025-07-10 00:00:00,80.9,1.5,1.7255653629725782
