CET solare,BN h (m)
2025/7/1 0:03,0.161
2025/7/1 0:06,0.16
2025/7/1 0:09,0.168
2025/7/1 0:12,0.176
2025/7/1 0:15,0.183
2025/7/1 0:18,0.185
2025/7/1 0:21,0.187
2025/7/1 0:24,0.188
2025/7/1 0:27,0.19
2025/7/1 0:30,0.192
2025/7/1 0:33,0.19
2025/7/1 0:36,0.191
2025/7/1 0:39,0.19
2025/7/1 0:42,0.19
2025/7/1 0:45,0.188
2025/7/1 0:48,0.184
2025/7/1 0:51,0.176
2025/7/1 0:54,0.172
2025/7/1 0:57,0.175
2025/7/1 1:00,0.185
2025/7/1 1:03,0.192
2025/7/1 1:06,0.202
2025/7/1 1:09,0.205
2025/7/1 1:12,0.196
2025/7/1 1:15,0.185
2025/7/1 1:18,0.181
2025/7/1 1:21,0.177
2025/7/1 1:24,0.185
2025/7/1 1:27,0.19
2025/7/1 1:30,0.193
2025/7/1 1:33,0.199
2025/7/1 1:36,0.199
2025/7/1 1:39,0.196
2025/7/1 1:42,0.182
2025/7/1 1:45,0.17
2025/7/1 1:48,0.169
2025/7/1 1:51,0.175
2025/7/1 1:54,0.184
2025/7/1 1:57,0.189
2025/7/1 2:00,0.188
2025/7/1 2:03,0.186
2025/7/1 2:06,0.179
2025/7/1 2:09,0.175
2025/7/1 2:12,0.172
2025/7/1 2:15,0.17
2025/7/1 2:18,0.16
2025/7/1 2:21,0.157
2025/7/1 2:24,0.155
2025/7/1 2:27,0.157
2025/7/1 2:30,0.155
2025/7/1 2:33,0.158
2025/7/1 2:36,0.161
2025/7/1 2:39,0.159
2025/7/1 2:42,0.159
2025/7/1 2:45,0.159
2025/7/1 2:48,0.156
2025/7/1 2:51,0.152
2025/7/1 2:54,0.145
2025/7/1 2:57,0.143
2025/7/1 3:00,0.139
2025/7/1 3:03,0.136
2025/7/1 3:06,0.133
2025/7/1 3:09,0.126
2025/7/1 3:12,0.123
2025/7/1 3:15,0.115
2025/7/1 3:18,0.111
2025/7/1 3:21,0.113
2025/7/1 3:24,0.114
2025/7/1 3:27,0.114
2025/7/1 3:30,0.112
2025/7/1 3:33,0.116
2025/7/1 3:36,0.115
2025/7/1 3:39,0.115
2025/7/1 3:42,0.11
2025/7/1 3:45,0.104
2025/7/1 3:48,0.102
2025/7/1 3:51,0.1
2025/7/1 3:54,0.1
2025/7/1 3:57,0.089
2025/7/1 4:00,0.073
2025/7/1 4:03,0.063
2025/7/1 4:06,0.058
2025/7/1 4:09,0.061
2025/7/1 4:12,0.065
2025/7/1 4:15,0.068
2025/7/1 4:18,0.065
2025/7/1 4:21,0.052
2025/7/1 4:24,0.05
2025/7/1 4:27,0.056
2025/7/1 4:30,0.061
2025/7/1 4:33,0.058
2025/7/1 4:36,0.055
2025/7/1 4:39,0.046
2025/7/1 4:42,0.042
2025/7/1 4:45,0.037
2025/7/1 4:48,0.034
2025/7/1 4:51,0.028
2025/7/1 4:54,0.022
2025/7/1 4:57,0.024
2025/7/1 5:00,0.022
2025/7/1 5:03,0.02
2025/7/1 5:06,0.021
2025/7/1 5:09,0.017
2025/7/1 5:12,0.017
2025/7/1 5:15,0.019
2025/7/1 5:18,0.013
2025/7/1 5:21,0.005
2025/7/1 5:24,-0.005
2025/7/1 5:27,-0.011
2025/7/1 5:30,-0.012
2025/7/1 5:33,-0.011
2025/7/1 5:36,-0.006
2025/7/1 5:39,-0.003
2025/7/1 5:42,-0.007
2025/7/1 5:45,-0.017
2025/7/1 5:48,-0.025
2025/7/1 5:51,-0.027
2025/7/1 5:54,-0.018
2025/7/1 5:57,-0.01
2025/7/1 6:00,-0.007
2025/7/1 6:03,-0.01
2025/7/1 6:06,-0.017
2025/7/1 6:09,-0.025
2025/7/1 6:12,-0.033
2025/7/1 6:15,-0.036
2025/7/1 6:18,-0.038
2025/7/1 6:21,-0.038
2025/7/1 6:24,-0.039
2025/7/1 6:27,-0.037
2025/7/1 6:30,-0.036
2025/7/1 6:33,-0.031
2025/7/1 6:36,-0.027
2025/7/1 6:39,-0.028
2025/7/1 6:42,-0.034
2025/7/1 6:45,-0.044
2025/7/1 6:48,-0.052
2025/7/1 6:51,-0.055
2025/7/1 6:54,-0.05
2025/7/1 6:57,-0.047
2025/7/1 7:00,-0.038
2025/7/1 7:03,-0.029
2025/7/1 7:06,-0.022
2025/7/1 7:09,-0.022
2025/7/1 7:12,-0.028
2025/7/1 7:15,-0.035
2025/7/1 7:18,-0.038
2025/7/1 7:21,-0.038
2025/7/1 7:24,-0.04
2025/7/1 7:27,-0.045
2025/7/1 7:30,-0.053
2025/7/1 7:33,-0.053
2025/7/1 7:36,-0.048
2025/7/1 7:39,-0.044
2025/7/1 7:42,-0.04
2025/7/1 7:45,-0.036
2025/7/1 7:48,-0.03
2025/7/1 7:51,-0.032
2025/7/1 7:54,-0.035
2025/7/1 7:57,-0.035
2025/7/1 8:00,-0.03
2025/7/1 8:03,-0.023
2025/7/1 8:06,-0.017
2025/7/1 8:09,-0.013
2025/7/1 8:12,-0.014
2025/7/1 8:15,-0.017
2025/7/1 8:18,-0.023
2025/7/1 8:21,-0.029
2025/7/1 8:24,-0.039
2025/7/1 8:27,-0.045
2025/7/1 8:30,-0.044
2025/7/1 8:33,-0.037
2025/7/1 8:36,-0.025
2025/7/1 8:39,-0.013
2025/7/1 8:42,-0.002
2025/7/1 8:45,0.001
2025/7/1 8:48,0.003
2025/7/1 8:51,0.002
2025/7/1 8:54,-0.004
2025/7/1 8:57,-0.014
2025/7/1 9:00,-0.018
2025/7/1 9:03,-0.013
2025/7/1 9:06,-0.005
2025/7/1 9:09,0.004
2025/7/1 9:12,0.002
2025/7/1 9:15,-0.008
2025/7/1 9:18,-0.018
2025/7/1 9:21,-0.017
2025/7/1 9:24,-0.013
2025/7/1 9:27,-0.007
2025/7/1 9:30,0.001
2025/7/1 9:33,0.012
2025/7/1 9:36,0.024
2025/7/1 9:39,0.033
2025/7/1 9:42,0.036
2025/7/1 9:45,0.024
2025/7/1 9:48,0.016
2025/7/1 9:51,0.016
2025/7/1 9:54,0.023
2025/7/1 9:57,0.031
2025/7/1 10:00,0.036
2025/7/1 10:03,0.035
2025/7/1 10:06,0.03
2025/7/1 10:09,0.028
2025/7/1 10:12,0.023
2025/7/1 10:15,0.022
2025/7/1 10:18,0.023
2025/7/1 10:21,0.027
2025/7/1 10:24,0.031
2025/7/1 10:27,0.04
2025/7/1 10:30,0.047
2025/7/1 10:33,0.05
2025/7/1 10:36,0.047
2025/7/1 10:39,0.047
2025/7/1 10:42,0.046
2025/7/1 10:45,0.045
2025/7/1 10:48,0.045
2025/7/1 10:51,0.046
2025/7/1 10:54,0.046
2025/7/1 10:57,0.051
2025/7/1 11:00,0.063
2025/7/1 11:03,0.07
2025/7/1 11:06,0.065
2025/7/1 11:09,0.061
2025/7/1 11:12,0.065
2025/7/1 11:15,0.069
2025/7/1 11:18,0.071
2025/7/1 11:21,0.064
2025/7/1 11:24,0.056
2025/7/1 11:27,0.055
2025/7/1 11:30,0.062
2025/7/1 11:33,0.07
2025/7/1 11:36,0.075
2025/7/1 11:39,0.08
2025/7/1 11:42,0.082
2025/7/1 11:45,0.078
2025/7/1 11:48,0.075
2025/7/1 11:51,0.071
2025/7/1 11:54,0.075
2025/7/1 11:57,0.078
2025/7/1 12:00,0.084
2025/7/1 12:03,0.088
2025/7/1 12:06,0.092
2025/7/1 12:09,0.096
2025/7/1 12:12,0.096
2025/7/1 12:15,0.095
2025/7/1 12:18,0.092
2025/7/1 12:21,0.086
2025/7/1 12:24,0.082
2025/7/1 12:27,0.077
2025/7/1 12:30,0.079
2025/7/1 12:33,0.082
2025/7/1 12:36,0.087
2025/7/1 12:39,0.089
2025/7/1 12:42,0.09
2025/7/1 12:45,0.09
2025/7/1 12:48,0.093
2025/7/1 12:51,0.093
2025/7/1 12:54,0.097
2025/7/1 12:57,0.094
2025/7/1 13:00,0.09
2025/7/1 13:03,0.087
2025/7/1 13:06,0.086
2025/7/1 13:09,0.09
2025/7/1 13:12,0.093
2025/7/1 13:15,0.094
2025/7/1 13:18,0.09
2025/7/1 13:21,0.085
2025/7/1 13:24,0.082
2025/7/1 13:27,0.085
2025/7/1 13:30,0.089
2025/7/1 13:33,0.097
2025/7/1 13:36,0.095
2025/7/1 13:39,0.093
2025/7/1 13:42,0.088
2025/7/1 13:45,0.082
2025/7/1 13:48,0.087
2025/7/1 13:51,0.091
2025/7/1 13:54,0.093
2025/7/1 13:57,0.093
2025/7/1 14:00,0.092
2025/7/1 14:03,0.092
2025/7/1 14:06,0.084
2025/7/1 14:09,0.074
2025/7/1 14:12,0.074
2025/7/1 14:15,0.079
2025/7/1 14:18,0.084
2025/7/1 14:21,0.086
2025/7/1 14:24,0.083
2025/7/1 14:27,0.076
2025/7/1 14:30,0.073
2025/7/1 14:33,0.073
2025/7/1 14:36,0.074
2025/7/1 14:39,0.071
2025/7/1 14:42,0.063
2025/7/1 14:45,0.061
2025/7/1 14:48,0.063
2025/7/1 14:51,0.067
2025/7/1 14:54,0.074
2025/7/1 14:57,0.076
2025/7/1 15:00,0.075
2025/7/1 15:03,0.07
2025/7/1 15:06,0.067
2025/7/1 15:09,0.059
2025/7/1 15:12,0.047
2025/7/1 15:15,0.041
2025/7/1 15:18,0.041
2025/7/1 15:21,0.045
2025/7/1 15:24,0.048
2025/7/1 15:27,0.051
2025/7/1 15:30,0.045
2025/7/1 15:33,0.041
2025/7/1 15:36,0.042
2025/7/1 15:39,0.049
2025/7/1 15:42,0.051
2025/7/1 15:45,0.049
2025/7/1 15:48,0.05
2025/7/1 15:51,0.048
2025/7/1 15:54,0.045
2025/7/1 15:57,0.037
2025/7/1 16:00,0.035
2025/7/1 16:03,0.036
2025/7/1 16:06,0.033
2025/7/1 16:09,0.031
2025/7/1 16:12,0.028
2025/7/1 16:15,0.024
2025/7/1 16:18,0.017
2025/7/1 16:21,0.017
2025/7/1 16:24,0.019
2025/7/1 16:27,0.024
2025/7/1 16:30,0.023
2025/7/1 16:33,0.022
2025/7/1 16:36,0.023
2025/7/1 16:39,0.021
2025/7/1 16:42,0.013
2025/7/1 16:45,0.008
2025/7/1 16:48,0.012
2025/7/1 16:51,0.017
2025/7/1 16:54,0.018
2025/7/1 16:57,0.013
2025/7/1 17:00,0.008
2025/7/1 17:03,0.007
2025/7/1 17:06,0.006
2025/7/1 17:09,0.004
2025/7/1 17:12,0.009
2025/7/1 17:15,0.009
2025/7/1 17:18,0.007
2025/7/1 17:21,0.003
2025/7/1 17:24,0.003
2025/7/1 17:27,0.006
2025/7/1 17:30,0.006
2025/7/1 17:33,0.008
2025/7/1 17:36,0.007
2025/7/1 17:39,0.011
2025/7/1 17:42,0.007
2025/7/1 17:45,0.003
2025/7/1 17:48,-0.008
2025/7/1 17:51,-0.007
2025/7/1 17:54,-0.004
2025/7/1 17:57,-0.001
2025/7/1 18:00,-0.005
2025/7/1 18:03,-0.005
2025/7/1 18:06,-0.006
2025/7/1 18:09,-0.005
2025/7/1 18:12,-0.006
2025/7/1 18:15,0
2025/7/1 18:18,-0.003
2025/7/1 18:21,-0.003
2025/7/1 18:24,-0.002
2025/7/1 18:27,0.007
2025/7/1 18:30,0.004
2025/7/1 18:33,-0.005
2025/7/1 18:36,-0.009
2025/7/1 18:39,-0.017
2025/7/1 18:42,-0.019
2025/7/1 18:45,-0.017
2025/7/1 18:48,-0.014
2025/7/1 18:51,-0.007
2025/7/1 18:54,-0.004
2025/7/1 18:57,-0.001
2025/7/1 19:00,-0.001
2025/7/1 19:03,0
2025/7/1 19:06,-0.001
2025/7/1 19:09,-0.007
2025/7/1 19:12,-0.005
2025/7/1 19:15,0.001
2025/7/1 19:18,0.006
2025/7/1 19:21,0.005
2025/7/1 19:24,0.002
2025/7/1 19:27,0.001
2025/7/1 19:30,-0.003
2025/7/1 19:33,-0.006
2025/7/1 19:36,-0.009
2025/7/1 19:39,-0.009
2025/7/1 19:42,-0.007
2025/7/1 19:45,0
2025/7/1 19:48,-0.002
2025/7/1 19:51,0.001
2025/7/1 19:54,0.005
2025/7/1 19:57,0.016
2025/7/1 20:00,0.018
2025/7/1 20:03,0.012
2025/7/1 20:06,0.005
2025/7/1 20:09,0.002
2025/7/1 20:12,0.002
2025/7/1 20:15,0.002
2025/7/1 20:18,0.004
2025/7/1 20:21,0.009
2025/7/1 20:24,0.017
2025/7/1 20:27,0.023
2025/7/1 20:30,0.017
2025/7/1 20:33,0.011
2025/7/1 20:36,0.007
2025/7/1 20:39,0.009
2025/7/1 20:42,0.009
2025/7/1 20:45,0.018
2025/7/1 20:48,0.022
2025/7/1 20:51,0.023
2025/7/1 20:54,0.024
2025/7/1 20:57,0.025
2025/7/1 21:00,0.031
2025/7/1 21:03,0.032
2025/7/1 21:06,0.034
2025/7/1 21:09,0.034
2025/7/1 21:12,0.036
2025/7/1 21:15,0.042
2025/7/1 21:18,0.048
2025/7/1 21:21,0.048
2025/7/1 21:24,0.044
2025/7/1 21:27,0.044
2025/7/1 21:30,0.046
2025/7/1 21:33,0.049
2025/7/1 21:36,0.047
2025/7/1 21:39,0.048
2025/7/1 21:42,0.051
2025/7/1 21:45,0.058
2025/7/1 21:48,0.065
2025/7/1 21:51,0.067
2025/7/1 21:54,0.067
2025/7/1 21:57,0.063
2025/7/1 22:00,0.067
2025/7/1 22:03,0.068
2025/7/1 22:06,0.072
2025/7/1 22:09,0.071
2025/7/1 22:12,0.07
2025/7/1 22:15,0.076
2025/7/1 22:18,0.083
2025/7/1 22:21,0.089
2025/7/1 22:24,0.09
2025/7/1 22:27,0.097
2025/7/1 22:30,0.1
2025/7/1 22:33,0.1
2025/7/1 22:36,0.098
2025/7/1 22:39,0.095
2025/7/1 22:42,0.093
2025/7/1 22:45,0.098
2025/7/1 22:48,0.105
2025/7/1 22:51,0.106
2025/7/1 22:54,0.104
2025/7/1 22:57,0.107
2025/7/1 23:00,0.111
2025/7/1 23:03,0.119
2025/7/1 23:06,0.127
2025/7/1 23:09,0.131
2025/7/1 23:12,0.135
2025/7/1 23:15,0.14
2025/7/1 23:18,0.144
2025/7/1 23:21,0.146
2025/7/1 23:24,0.141
2025/7/1 23:27,0.134
2025/7/1 23:30,0.132
2025/7/1 23:33,0.133
2025/7/1 23:36,0.137
2025/7/1 23:39,0.137
2025/7/1 23:42,0.138
2025/7/1 23:45,0.142
2025/7/1 23:48,0.148
2025/7/1 23:51,0.155
2025/7/1 23:54,0.161
2025/7/1 23:57,0.164
2025/7/2 0:00,0.161
2025/7/2 0:03,0.164
2025/7/2 0:06,0.163
2025/7/2 0:09,0.16
2025/7/2 0:12,0.152
2025/7/2 0:15,0.151
2025/7/2 0:18,0.156
2025/7/2 0:21,0.165
2025/7/2 0:24,0.176
2025/7/2 0:27,0.186
2025/7/2 0:30,0.192
2025/7/2 0:33,0.19
2025/7/2 0:36,0.188
2025/7/2 0:39,0.189
2025/7/2 0:42,0.188
2025/7/2 0:45,0.19
2025/7/2 0:48,0.19
2025/7/2 0:51,0.188
2025/7/2 0:54,0.186
2025/7/2 0:57,0.185
2025/7/2 1:00,0.179
2025/7/2 1:03,0.17
2025/7/2 1:06,0.167
2025/7/2 1:09,0.163
2025/7/2 1:12,0.172
2025/7/2 1:15,0.186
2025/7/2 1:18,0.195
2025/7/2 1:21,0.204
2025/7/2 1:24,0.208
2025/7/2 1:27,0.21
2025/7/2 1:30,0.21
2025/7/2 1:33,0.206
2025/7/2 1:36,0.193
2025/7/2 1:39,0.187
2025/7/2 1:42,0.188
2025/7/2 1:45,0.196
2025/7/2 1:48,0.194
2025/7/2 1:51,0.191
2025/7/2 1:54,0.184
2025/7/2 1:57,0.183
2025/7/2 2:00,0.18
2025/7/2 2:03,0.181
2025/7/2 2:06,0.184
2025/7/2 2:09,0.187
2025/7/2 2:12,0.195
2025/7/2 2:15,0.201
2025/7/2 2:18,0.201
2025/7/2 2:21,0.198
2025/7/2 2:24,0.193
2025/7/2 2:27,0.19
2025/7/2 2:30,0.188
2025/7/2 2:33,0.182
2025/7/2 2:36,0.171
2025/7/2 2:39,0.162
2025/7/2 2:42,0.165
2025/7/2 2:45,0.168
2025/7/2 2:48,0.174
2025/7/2 2:51,0.174
2025/7/2 2:54,0.176
2025/7/2 2:57,0.172
2025/7/2 3:00,0.174
2025/7/2 3:03,0.171
2025/7/2 3:06,0.164
2025/7/2 3:09,0.159
2025/7/2 3:12,0.164
2025/7/2 3:15,0.168
2025/7/2 3:18,0.166
2025/7/2 3:21,0.157
2025/7/2 3:24,0.143
2025/7/2 3:27,0.131
2025/7/2 3:30,0.125
2025/7/2 3:33,0.125
2025/7/2 3:36,0.133
2025/7/2 3:39,0.14
2025/7/2 3:42,0.148
2025/7/2 3:45,0.147
2025/7/2 3:48,0.138
2025/7/2 3:51,0.128
2025/7/2 3:54,0.119
2025/7/2 3:57,0.111
2025/7/2 4:00,0.104
2025/7/2 4:03,0.106
2025/7/2 4:06,0.114
2025/7/2 4:09,0.114
2025/7/2 4:12,0.112
2025/7/2 4:15,0.111
2025/7/2 4:18,0.109
2025/7/2 4:21,0.105
2025/7/2 4:24,0.099
2025/7/2 4:27,0.097
2025/7/2 4:30,0.091
2025/7/2 4:33,0.091
2025/7/2 4:36,0.088
2025/7/2 4:39,0.086
2025/7/2 4:42,0.079
2025/7/2 4:45,0.071
2025/7/2 4:48,0.066
2025/7/2 4:51,0.062
2025/7/2 4:54,0.061
2025/7/2 4:57,0.063
2025/7/2 5:00,0.071
2025/7/2 5:03,0.076
2025/7/2 5:06,0.073
2025/7/2 5:09,0.067
2025/7/2 5:12,0.063
2025/7/2 5:15,0.053
2025/7/2 5:18,0.043
2025/7/2 5:21,0.044
2025/7/2 5:24,0.049
2025/7/2 5:27,0.047
2025/7/2 5:30,0.037
2025/7/2 5:33,0.032
2025/7/2 5:36,0.033
2025/7/2 5:39,0.035
2025/7/2 5:42,0.037
2025/7/2 5:45,0.034
2025/7/2 5:48,0.029
2025/7/2 5:51,0.024
2025/7/2 5:54,0.024
2025/7/2 5:57,0.023
2025/7/2 6:00,0.019
2025/7/2 6:03,0.016
2025/7/2 6:06,0.021
2025/7/2 6:09,0.023
2025/7/2 6:12,0.024
2025/7/2 6:15,0.021
2025/7/2 6:18,0.012
2025/7/2 6:21,-0.001
2025/7/2 6:24,-0.013
2025/7/2 6:27,-0.02
2025/7/2 6:30,-0.018
2025/7/2 6:33,-0.012
2025/7/2 6:36,-0.007
2025/7/2 6:39,-0.001
2025/7/2 6:42,-0.001
2025/7/2 6:45,-0.003
2025/7/2 6:48,-0.005
2025/7/2 6:51,-0.009
2025/7/2 6:54,-0.012
2025/7/2 6:57,-0.011
2025/7/2 7:00,-0.002
2025/7/2 7:03,0.006
2025/7/2 7:06,0.012
2025/7/2 7:09,0.005
2025/7/2 7:12,-0.004
2025/7/2 7:15,-0.014
2025/7/2 7:18,-0.027
2025/7/2 7:21,-0.034
2025/7/2 7:24,-0.034
2025/7/2 7:27,-0.027
2025/7/2 7:30,-0.021
2025/7/2 7:33,-0.016
2025/7/2 7:36,-0.013
2025/7/2 7:39,-0.016
2025/7/2 7:42,-0.021
2025/7/2 7:45,-0.025
2025/7/2 7:48,-0.025
2025/7/2 7:51,-0.02
2025/7/2 7:54,-0.015
2025/7/2 7:57,-0.009
2025/7/2 8:00,-0.009
2025/7/2 8:03,-0.011
2025/7/2 8:06,-0.016
2025/7/2 8:09,-0.02
2025/7/2 8:12,-0.018
2025/7/2 8:15,-0.016
2025/7/2 8:18,-0.014
2025/7/2 8:21,-0.017
2025/7/2 8:24,-0.018
2025/7/2 8:27,-0.019
2025/7/2 8:30,-0.023
2025/7/2 8:33,-0.019
2025/7/2 8:36,-0.015
2025/7/2 8:39,-0.016
2025/7/2 8:42,-0.022
2025/7/2 8:45,-0.019
2025/7/2 8:48,-0.015
2025/7/2 8:51,-0.013
2025/7/2 8:54,-0.008
2025/7/2 8:57,-0.005
2025/7/2 9:00,-0.001
2025/7/2 9:03,0
2025/7/2 9:06,-0.005
2025/7/2 9:09,-0.01
2025/7/2 9:12,-0.01
2025/7/2 9:15,-0.006
2025/7/2 9:18,-0.009
2025/7/2 9:21,-0.011
2025/7/2 9:24,-0.011
2025/7/2 9:27,-0.005
2025/7/2 9:30,0.001
2025/7/2 9:33,0.006
2025/7/2 9:36,0.004
2025/7/2 9:39,0.005
2025/7/2 9:42,0.012
2025/7/2 9:45,0.02
2025/7/2 9:48,0.023
2025/7/2 9:51,0.016
2025/7/2 9:54,0.013
2025/7/2 9:57,0.014
2025/7/2 10:00,0.012
2025/7/2 10:03,0.009
2025/7/2 10:06,0.01
2025/7/2 10:09,0.013
2025/7/2 10:12,0.012
2025/7/2 10:15,0.005
2025/7/2 10:18,0.008
2025/7/2 10:21,0.014
2025/7/2 10:24,0.021
2025/7/2 10:27,0.027
2025/7/2 10:30,0.029
2025/7/2 10:33,0.034
2025/7/2 10:36,0.044
2025/7/2 10:39,0.053
2025/7/2 10:42,0.055
2025/7/2 10:45,0.049
2025/7/2 10:48,0.037
2025/7/2 10:51,0.036
2025/7/2 10:54,0.039
2025/7/2 10:57,0.043
2025/7/2 11:00,0.045
2025/7/2 11:03,0.04
2025/7/2 11:06,0.037
2025/7/2 11:09,0.037
2025/7/2 11:12,0.042
2025/7/2 11:15,0.046
2025/7/2 11:18,0.052
2025/7/2 11:21,0.061
2025/7/2 11:24,0.067
2025/7/2 11:27,0.074
2025/7/2 11:30,0.076
2025/7/2 11:33,0.07
2025/7/2 11:36,0.06
2025/7/2 11:39,0.061
2025/7/2 11:42,0.063
2025/7/2 11:45,0.064
2025/7/2 11:48,0.061
2025/7/2 11:51,0.055
2025/7/2 11:54,0.056
2025/7/2 11:57,0.065
2025/7/2 12:00,0.079
2025/7/2 12:03,0.086
2025/7/2 12:06,0.087
2025/7/2 12:09,0.088
2025/7/2 12:12,0.087
2025/7/2 12:15,0.087
2025/7/2 12:18,0.087
2025/7/2 12:21,0.089
2025/7/2 12:24,0.093
2025/7/2 12:27,0.096
2025/7/2 12:30,0.097
2025/7/2 12:33,0.092
2025/7/2 12:36,0.09
2025/7/2 12:39,0.083
2025/7/2 12:42,0.073
2025/7/2 12:45,0.069
2025/7/2 12:48,0.072
2025/7/2 12:51,0.085
2025/7/2 12:54,0.098
2025/7/2 12:57,0.105
2025/7/2 13:00,0.113
2025/7/2 13:03,0.114
2025/7/2 13:06,0.112
2025/7/2 13:09,0.1
2025/7/2 13:12,0.088
2025/7/2 13:15,0.086
2025/7/2 13:18,0.093
2025/7/2 13:21,0.109
2025/7/2 13:24,0.118
2025/7/2 13:27,0.122
2025/7/2 13:30,0.112
2025/7/2 13:33,0.099
2025/7/2 13:36,0.087
2025/7/2 13:39,0.081
2025/7/2 13:42,0.079
2025/7/2 13:45,0.086
2025/7/2 13:48,0.096
2025/7/2 13:51,0.104
2025/7/2 13:54,0.11
2025/7/2 13:57,0.11
2025/7/2 14:00,0.11
2025/7/2 14:03,0.107
2025/7/2 14:06,0.106
2025/7/2 14:09,0.105
2025/7/2 14:12,0.102
2025/7/2 14:15,0.102
2025/7/2 14:18,0.102
2025/7/2 14:21,0.106
2025/7/2 14:24,0.111
2025/7/2 14:27,0.113
2025/7/2 14:30,0.105
2025/7/2 14:33,0.091
2025/7/2 14:36,0.085
2025/7/2 14:39,0.081
2025/7/2 14:42,0.083
2025/7/2 14:45,0.087
2025/7/2 14:48,0.094
2025/7/2 14:51,0.101
2025/7/2 14:54,0.108
2025/7/2 14:57,0.111
2025/7/2 15:00,0.105
2025/7/2 15:03,0.096
2025/7/2 15:06,0.089
2025/7/2 15:09,0.084
2025/7/2 15:12,0.08
2025/7/2 15:15,0.077
2025/7/2 15:18,0.079
2025/7/2 15:21,0.087
2025/7/2 15:24,0.091
2025/7/2 15:27,0.092
2025/7/2 15:30,0.09
2025/7/2 15:33,0.086
2025/7/2 15:36,0.088
2025/7/2 15:39,0.09
2025/7/2 15:42,0.092
2025/7/2 15:45,0.093
2025/7/2 15:48,0.1
2025/7/2 15:51,0.101
2025/7/2 15:54,0.095
2025/7/2 15:57,0.085
2025/7/2 16:00,0.071
2025/7/2 16:03,0.063
2025/7/2 16:06,0.062
2025/7/2 16:09,0.062
2025/7/2 16:12,0.066
2025/7/2 16:15,0.067
2025/7/2 16:18,0.069
2025/7/2 16:21,0.071
2025/7/2 16:24,0.072
2025/7/2 16:27,0.073
2025/7/2 16:30,0.069
2025/7/2 16:33,0.066
2025/7/2 16:36,0.069
2025/7/2 16:39,0.073
2025/7/2 16:42,0.071
2025/7/2 16:45,0.062
2025/7/2 16:48,0.055
2025/7/2 16:51,0.054
2025/7/2 16:54,0.057
2025/7/2 16:57,0.055
2025/7/2 17:00,0.046
2025/7/2 17:03,0.036
2025/7/2 17:06,0.036
2025/7/2 17:09,0.049
2025/7/2 17:12,0.058
2025/7/2 17:15,0.064
2025/7/2 17:18,0.063
2025/7/2 17:21,0.062
2025/7/2 17:24,0.06
2025/7/2 17:27,0.052
2025/7/2 17:30,0.048
2025/7/2 17:33,0.047
2025/7/2 17:36,0.049
2025/7/2 17:39,0.051
2025/7/2 17:42,0.052
2025/7/2 17:45,0.047
2025/7/2 17:48,0.037
2025/7/2 17:51,0.032
2025/7/2 17:54,0.03
2025/7/2 17:57,0.032
2025/7/2 18:00,0.037
2025/7/2 18:03,0.043
2025/7/2 18:06,0.044
2025/7/2 18:09,0.048
2025/7/2 18:12,0.051
2025/7/2 18:15,0.051
2025/7/2 18:18,0.042
2025/7/2 18:21,0.033
2025/7/2 18:24,0.028
2025/7/2 18:27,0.027
2025/7/2 18:30,0.025
2025/7/2 18:33,0.024
2025/7/2 18:36,0.025
2025/7/2 18:39,0.027
2025/7/2 18:42,0.033
2025/7/2 18:45,0.038
2025/7/2 18:48,0.036
2025/7/2 18:51,0.025
2025/7/2 18:54,0.019
2025/7/2 18:57,0.021
2025/7/2 19:00,0.028
2025/7/2 19:03,0.032
2025/7/2 19:06,0.035
2025/7/2 19:09,0.034
2025/7/2 19:12,0.027
2025/7/2 19:15,0.024
2025/7/2 19:18,0.024
2025/7/2 19:21,0.029
2025/7/2 19:24,0.034
2025/7/2 19:27,0.035
2025/7/2 19:30,0.028
2025/7/2 19:33,0.024
2025/7/2 19:36,0.019
2025/7/2 19:39,0.019
2025/7/2 19:42,0.013
2025/7/2 19:45,0.014
2025/7/2 19:48,0.019
2025/7/2 19:51,0.028
2025/7/2 19:54,0.035
2025/7/2 19:57,0.034
2025/7/2 20:00,0.031
2025/7/2 20:03,0.031
2025/7/2 20:06,0.035
2025/7/2 20:09,0.035
2025/7/2 20:12,0.03
2025/7/2 20:15,0.026
2025/7/2 20:18,0.028
2025/7/2 20:21,0.033
2025/7/2 20:24,0.031
2025/7/2 20:27,0.029
2025/7/2 20:30,0.021
2025/7/2 20:33,0.011
2025/7/2 20:36,0.004
2025/7/2 20:39,0.01
2025/7/2 20:42,0.028
2025/7/2 20:45,0.044
2025/7/2 20:48,0.047
2025/7/2 20:51,0.047
2025/7/2 20:54,0.047
2025/7/2 20:57,0.045
2025/7/2 21:00,0.041
2025/7/2 21:03,0.038
2025/7/2 21:06,0.032
2025/7/2 21:09,0.029
2025/7/2 21:12,0.031
2025/7/2 21:15,0.031
2025/7/2 21:18,0.031
2025/7/2 21:21,0.029
2025/7/2 21:24,0.031
2025/7/2 21:27,0.04
2025/7/2 21:30,0.048
2025/7/2 21:33,0.051
2025/7/2 21:36,0.05
2025/7/2 21:39,0.051
2025/7/2 21:42,0.053
2025/7/2 21:45,0.058
2025/7/2 21:48,0.067
2025/7/2 21:51,0.067
2025/7/2 21:54,0.052
2025/7/2 21:57,0.043
2025/7/2 22:00,0.046
2025/7/2 22:03,0.05
2025/7/2 22:06,0.052
2025/7/2 22:09,0.049
2025/7/2 22:12,0.042
2025/7/2 22:15,0.042
2025/7/2 22:18,0.054
2025/7/2 22:21,0.071
2025/7/2 22:24,0.083
2025/7/2 22:27,0.084
2025/7/2 22:30,0.084
2025/7/2 22:33,0.083
2025/7/2 22:36,0.079
2025/7/2 22:39,0.075
2025/7/2 22:42,0.066
2025/7/2 22:45,0.064
2025/7/2 22:48,0.071
2025/7/2 22:51,0.082
2025/7/2 22:54,0.09
2025/7/2 22:57,0.085
2025/7/2 23:00,0.081
2025/7/2 23:03,0.085
2025/7/2 23:06,0.09
2025/7/2 23:09,0.093
2025/7/2 23:12,0.093
2025/7/2 23:15,0.094
2025/7/2 23:18,0.098
2025/7/2 23:21,0.107
2025/7/2 23:24,0.116
2025/7/2 23:27,0.118
2025/7/2 23:30,0.12
2025/7/2 23:33,0.123
2025/7/2 23:36,0.124
2025/7/2 23:39,0.115
2025/7/2 23:42,0.105
2025/7/2 23:45,0.107
2025/7/2 23:48,0.112
2025/7/2 23:51,0.121
2025/7/2 23:54,0.131
2025/7/2 23:57,0.136
2025/7/3 0:00,0.133
2025/7/3 0:03,0.13
2025/7/3 0:06,0.124
2025/7/3 0:09,0.122
2025/7/3 0:12,0.123
2025/7/3 0:15,0.126
2025/7/3 0:18,0.128
2025/7/3 0:21,0.127
2025/7/3 0:24,0.134
2025/7/3 0:27,0.139
2025/7/3 0:30,0.143
2025/7/3 0:33,0.142
2025/7/3 0:36,0.145
2025/7/3 0:39,0.149
2025/7/3 0:42,0.157
2025/7/3 0:45,0.156
2025/7/3 0:48,0.149
2025/7/3 0:51,0.142
2025/7/3 0:54,0.143
2025/7/3 0:57,0.145
2025/7/3 1:00,0.153
2025/7/3 1:03,0.16
2025/7/3 1:06,0.166
2025/7/3 1:09,0.169
2025/7/3 1:12,0.169
2025/7/3 1:15,0.167
2025/7/3 1:18,0.162
2025/7/3 1:21,0.159
2025/7/3 1:24,0.159
2025/7/3 1:27,0.162
2025/7/3 1:30,0.165
2025/7/3 1:33,0.169
2025/7/3 1:36,0.169
2025/7/3 1:39,0.17
2025/7/3 1:42,0.168
2025/7/3 1:45,0.166
2025/7/3 1:48,0.172
2025/7/3 1:51,0.175
2025/7/3 1:54,0.18
2025/7/3 1:57,0.186
2025/7/3 2:00,0.192
2025/7/3 2:03,0.189
2025/7/3 2:06,0.176
2025/7/3 2:09,0.172
2025/7/3 2:12,0.174
2025/7/3 2:15,0.177
2025/7/3 2:18,0.173
2025/7/3 2:21,0.169
2025/7/3 2:24,0.164
2025/7/3 2:27,0.165
2025/7/3 2:30,0.17
2025/7/3 2:33,0.176
2025/7/3 2:36,0.179
2025/7/3 2:39,0.183
2025/7/3 2:42,0.185
2025/7/3 2:45,0.186
2025/7/3 2:48,0.181
2025/7/3 2:51,0.17
2025/7/3 2:54,0.162
2025/7/3 2:57,0.159
2025/7/3 3:00,0.162
2025/7/3 3:03,0.169
2025/7/3 3:06,0.175
2025/7/3 3:09,0.17
2025/7/3 3:12,0.157
2025/7/3 3:15,0.153
2025/7/3 3:18,0.154
2025/7/3 3:21,0.157
2025/7/3 3:24,0.163
2025/7/3 3:27,0.169
2025/7/3 3:30,0.172
2025/7/3 3:33,0.17
2025/7/3 3:36,0.165
2025/7/3 3:39,0.161
2025/7/3 3:42,0.158
2025/7/3 3:45,0.152
2025/7/3 3:48,0.149
2025/7/3 3:51,0.145
2025/7/3 3:54,0.14
2025/7/3 3:57,0.133
2025/7/3 4:00,0.124
2025/7/3 4:03,0.116
2025/7/3 4:06,0.118
2025/7/3 4:09,0.125
2025/7/3 4:12,0.135
2025/7/3 4:15,0.143
2025/7/3 4:18,0.148
2025/7/3 4:21,0.145
2025/7/3 4:24,0.138
2025/7/3 4:27,0.137
2025/7/3 4:30,0.138
2025/7/3 4:33,0.136
2025/7/3 4:36,0.129
2025/7/3 4:39,0.119
2025/7/3 4:42,0.112
2025/7/3 4:45,0.105
2025/7/3 4:48,0.105
2025/7/3 4:51,0.106
2025/7/3 4:54,0.106
2025/7/3 4:57,0.1
2025/7/3 5:00,0.095
2025/7/3 5:03,0.089
2025/7/3 5:06,0.084
2025/7/3 5:09,0.085
2025/7/3 5:12,0.091
2025/7/3 5:15,0.095
2025/7/3 5:18,0.095
2025/7/3 5:21,0.089
2025/7/3 5:24,0.082
2025/7/3 5:27,0.075
2025/7/3 5:30,0.068
2025/7/3 5:33,0.064
2025/7/3 5:36,0.071
2025/7/3 5:39,0.08
2025/7/3 5:42,0.085
2025/7/3 5:45,0.084
2025/7/3 5:48,0.073
2025/7/3 5:51,0.06
2025/7/3 5:54,0.053
2025/7/3 5:57,0.049
2025/7/3 6:00,0.044
2025/7/3 6:03,0.036
2025/7/3 6:06,0.027
2025/7/3 6:09,0.025
2025/7/3 6:12,0.03
2025/7/3 6:15,0.038
2025/7/3 6:18,0.042
2025/7/3 6:21,0.051
2025/7/3 6:24,0.054
2025/7/3 6:27,0.05
2025/7/3 6:30,0.038
2025/7/3 6:33,0.024
2025/7/3 6:36,0.019
2025/7/3 6:39,0.019
2025/7/3 6:42,0.021
2025/7/3 6:45,0.021
2025/7/3 6:48,0.024
2025/7/3 6:51,0.022
2025/7/3 6:54,0.019
2025/7/3 6:57,0.012
2025/7/3 7:00,0.003
2025/7/3 7:03,-0.002
2025/7/3 7:06,-0.005
2025/7/3 7:09,-0.002
2025/7/3 7:12,0
2025/7/3 7:15,0.001
2025/7/3 7:18,0.007
2025/7/3 7:21,0.013
2025/7/3 7:24,0.011
2025/7/3 7:27,0.005
2025/7/3 7:30,-0.002
2025/7/3 7:33,-0.006
2025/7/3 7:36,-0.01
2025/7/3 7:39,-0.013
2025/7/3 7:42,-0.009
2025/7/3 7:45,-0.005
2025/7/3 7:48,-0.005
2025/7/3 7:51,-0.012
2025/7/3 7:54,-0.017
2025/7/3 7:57,-0.016
2025/7/3 8:00,-0.014
2025/7/3 8:03,-0.012
2025/7/3 8:06,-0.016
2025/7/3 8:09,-0.025
2025/7/3 8:12,-0.027
2025/7/3 8:15,-0.018
2025/7/3 8:18,-0.009
2025/7/3 8:21,-0.002
2025/7/3 8:24,-0.003
2025/7/3 8:27,-0.003
2025/7/3 8:30,-0.003
2025/7/3 8:33,-0.004
2025/7/3 8:36,-0.008
2025/7/3 8:39,-0.013
2025/7/3 8:42,-0.018
2025/7/3 8:45,-0.017
2025/7/3 8:48,-0.012
2025/7/3 8:51,-0.01
2025/7/3 8:54,-0.013
2025/7/3 8:57,-0.017
2025/7/3 9:00,-0.022
2025/7/3 9:03,-0.024
2025/7/3 9:06,-0.022
2025/7/3 9:09,-0.02
2025/7/3 9:12,-0.018
2025/7/3 9:15,-0.018
2025/7/3 9:18,-0.016
2025/7/3 9:21,-0.011
2025/7/3 9:24,-0.002
2025/7/3 9:27,0.009
2025/7/3 9:30,0.013
2025/7/3 9:33,0.002
2025/7/3 9:36,-0.01
2025/7/3 9:39,-0.014
2025/7/3 9:42,-0.014
2025/7/3 9:45,-0.01
2025/7/3 9:48,-0.006
2025/7/3 9:51,-0.003
2025/7/3 9:54,-0.003
2025/7/3 9:57,-0.001
2025/7/3 10:00,0.004
2025/7/3 10:03,0.005
2025/7/3 10:06,0.001
2025/7/3 10:09,0.005
2025/7/3 10:12,0.013
2025/7/3 10:15,0.019
2025/7/3 10:18,0.021
2025/7/3 10:21,0.019
2025/7/3 10:24,0.011
2025/7/3 10:27,0.009
2025/7/3 10:30,0.007
2025/7/3 10:33,0.003
2025/7/3 10:36,0.004
2025/7/3 10:39,0.001
2025/7/3 10:42,0.001
2025/7/3 10:45,0.006
2025/7/3 10:48,0.012
2025/7/3 10:51,0.02
2025/7/3 10:54,0.025
2025/7/3 10:57,0.025
2025/7/3 11:00,0.02
2025/7/3 11:03,0.018
2025/7/3 11:06,0.021
2025/7/3 11:09,0.021
2025/7/3 11:12,0.018
2025/7/3 11:15,0.017
2025/7/3 11:18,0.023
2025/7/3 11:21,0.031
2025/7/3 11:24,0.04
2025/7/3 11:27,0.046
2025/7/3 11:30,0.049
2025/7/3 11:33,0.048
2025/7/3 11:36,0.044
2025/7/3 11:39,0.043
2025/7/3 11:42,0.044
2025/7/3 11:45,0.043
2025/7/3 11:48,0.043
2025/7/3 11:51,0.045
2025/7/3 11:54,0.043
2025/7/3 11:57,0.041
2025/7/3 12:00,0.038
2025/7/3 12:03,0.036
2025/7/3 12:06,0.041
2025/7/3 12:09,0.046
2025/7/3 12:12,0.051
2025/7/3 12:15,0.058
2025/7/3 12:18,0.064
2025/7/3 12:21,0.065
2025/7/3 12:24,0.061
2025/7/3 12:27,0.062
2025/7/3 12:30,0.06
2025/7/3 12:33,0.055
2025/7/3 12:36,0.052
2025/7/3 12:39,0.059
2025/7/3 12:42,0.061
2025/7/3 12:45,0.063
2025/7/3 12:48,0.067
2025/7/3 12:51,0.069
2025/7/3 12:54,0.071
2025/7/3 12:57,0.064
2025/7/3 13:00,0.063
2025/7/3 13:03,0.065
2025/7/3 13:06,0.069
2025/7/3 13:09,0.074
2025/7/3 13:12,0.077
2025/7/3 13:15,0.077
2025/7/3 13:18,0.076
2025/7/3 13:21,0.076
2025/7/3 13:24,0.072
2025/7/3 13:27,0.069
2025/7/3 13:30,0.068
2025/7/3 13:33,0.068
2025/7/3 13:36,0.073
2025/7/3 13:39,0.077
2025/7/3 13:42,0.082
2025/7/3 13:45,0.084
2025/7/3 13:48,0.086
2025/7/3 13:51,0.085
2025/7/3 13:54,0.079
2025/7/3 13:57,0.082
2025/7/3 14:00,0.09
2025/7/3 14:03,0.098
2025/7/3 14:06,0.098
2025/7/3 14:09,0.094
2025/7/3 14:12,0.09
2025/7/3 14:15,0.085
2025/7/3 14:18,0.083
2025/7/3 14:21,0.088
2025/7/3 14:24,0.091
2025/7/3 14:27,0.09
2025/7/3 14:30,0.089
2025/7/3 14:33,0.094
2025/7/3 14:36,0.097
2025/7/3 14:39,0.097
2025/7/3 14:42,0.096
2025/7/3 14:45,0.092
2025/7/3 14:48,0.087
2025/7/3 14:51,0.087
2025/7/3 14:54,0.092
2025/7/3 14:57,0.1
2025/7/3 15:00,0.099
2025/7/3 15:03,0.092
2025/7/3 15:06,0.092
2025/7/3 15:09,0.096
2025/7/3 15:12,0.099
2025/7/3 15:15,0.1
2025/7/3 15:18,0.101
2025/7/3 15:21,0.099
2025/7/3 15:24,0.094
2025/7/3 15:27,0.09
2025/7/3 15:30,0.084
2025/7/3 15:33,0.082
2025/7/3 15:36,0.086
2025/7/3 15:39,0.093
2025/7/3 15:42,0.095
2025/7/3 15:45,0.098
2025/7/3 15:48,0.097
2025/7/3 15:51,0.094
2025/7/3 15:54,0.093
2025/7/3 15:57,0.092
2025/7/3 16:00,0.092
2025/7/3 16:03,0.098
2025/7/3 16:06,0.104
2025/7/3 16:09,0.105
2025/7/3 16:12,0.101
2025/7/3 16:15,0.101
2025/7/3 16:18,0.099
2025/7/3 16:21,0.091
2025/7/3 16:24,0.085
2025/7/3 16:27,0.084
2025/7/3 16:30,0.083
2025/7/3 16:33,0.085
2025/7/3 16:36,0.087
2025/7/3 16:39,0.088
2025/7/3 16:42,0.086
2025/7/3 16:45,0.09
2025/7/3 16:48,0.093
2025/7/3 16:51,0.097
2025/7/3 16:54,0.096
2025/7/3 16:57,0.088
2025/7/3 17:00,0.086
2025/7/3 17:03,0.083
2025/7/3 17:06,0.083
2025/7/3 17:09,0.083
2025/7/3 17:12,0.087
2025/7/3 17:15,0.086
2025/7/3 17:18,0.083
2025/7/3 17:21,0.081
2025/7/3 17:24,0.083
2025/7/3 17:27,0.085
2025/7/3 17:30,0.086
2025/7/3 17:33,0.083
2025/7/3 17:36,0.079
2025/7/3 17:39,0.076
2025/7/3 17:42,0.075
2025/7/3 17:45,0.07
2025/7/3 17:48,0.065
2025/7/3 17:51,0.066
2025/7/3 17:54,0.071
2025/7/3 17:57,0.077
2025/7/3 18:00,0.075
2025/7/3 18:03,0.068
2025/7/3 18:06,0.064
2025/7/3 18:09,0.064
2025/7/3 18:12,0.065
2025/7/3 18:15,0.064
2025/7/3 18:18,0.06
2025/7/3 18:21,0.064
2025/7/3 18:24,0.068
2025/7/3 18:27,0.069
2025/7/3 18:30,0.066
2025/7/3 18:33,0.065
2025/7/3 18:36,0.066
2025/7/3 18:39,0.062
2025/7/3 18:42,0.057
2025/7/3 18:45,0.055
2025/7/3 18:48,0.053
2025/7/3 18:51,0.055
2025/7/3 18:54,0.055
2025/7/3 18:57,0.053
2025/7/3 19:00,0.053
2025/7/3 19:03,0.055
2025/7/3 19:06,0.056
2025/7/3 19:09,0.05
2025/7/3 19:12,0.047
2025/7/3 19:15,0.046
2025/7/3 19:18,0.046
2025/7/3 19:21,0.045
2025/7/3 19:24,0.049
2025/7/3 19:27,0.051
2025/7/3 19:30,0.051
2025/7/3 19:33,0.049
2025/7/3 19:36,0.046
2025/7/3 19:39,0.041
2025/7/3 19:42,0.03
2025/7/3 19:45,0.026
2025/7/3 19:48,0.032
2025/7/3 19:51,0.038
2025/7/3 19:54,0.042
2025/7/3 19:57,0.041
2025/7/3 20:00,0.036
2025/7/3 20:03,0.031
2025/7/3 20:06,0.024
2025/7/3 20:09,0.02
2025/7/3 20:12,0.021
2025/7/3 20:15,0.022
2025/7/3 20:18,0.026
2025/7/3 20:21,0.032
2025/7/3 20:24,0.04
2025/7/3 20:27,0.039
2025/7/3 20:30,0.032
2025/7/3 20:33,0.029
2025/7/3 20:36,0.027
2025/7/3 20:39,0.023
2025/7/3 20:42,0.025
2025/7/3 20:45,0.032
2025/7/3 20:48,0.032
2025/7/3 20:51,0.026
2025/7/3 20:54,0.023
2025/7/3 20:57,0.025
2025/7/3 21:00,0.031
2025/7/3 21:03,0.033
2025/7/3 21:06,0.035
2025/7/3 21:09,0.032
2025/7/3 21:12,0.027
2025/7/3 21:15,0.027
2025/7/3 21:18,0.029
2025/7/3 21:21,0.029
2025/7/3 21:24,0.029
2025/7/3 21:27,0.032
2025/7/3 21:30,0.037
2025/7/3 21:33,0.033
2025/7/3 21:36,0.018
2025/7/3 21:39,0.011
2025/7/3 21:42,0.016
2025/7/3 21:45,0.02
2025/7/3 21:48,0.02
2025/7/3 21:51,0.027
2025/7/3 21:54,0.035
2025/7/3 21:57,0.04
2025/7/3 22:00,0.04
2025/7/3 22:03,0.039
2025/7/3 22:06,0.04
2025/7/3 22:09,0.043
2025/7/3 22:12,0.04
2025/7/3 22:15,0.038
2025/7/3 22:18,0.036
2025/7/3 22:21,0.035
2025/7/3 22:24,0.032
2025/7/3 22:27,0.03
2025/7/3 22:30,0.028
2025/7/3 22:33,0.025
2025/7/3 22:36,0.026
2025/7/3 22:39,0.028
2025/7/3 22:42,0.028
2025/7/3 22:45,0.034
2025/7/3 22:48,0.046
2025/7/3 22:51,0.056
2025/7/3 22:54,0.06
2025/7/3 22:57,0.059
2025/7/3 23:00,0.058
2025/7/3 23:03,0.056
2025/7/3 23:06,0.05
2025/7/3 23:09,0.048
2025/7/3 23:12,0.046
2025/7/3 23:15,0.047
2025/7/3 23:18,0.046
2025/7/3 23:21,0.044
2025/7/3 23:24,0.044
2025/7/3 23:27,0.045
2025/7/3 23:30,0.051
2025/7/3 23:33,0.058
2025/7/3 23:36,0.067
2025/7/3 23:39,0.074
2025/7/3 23:42,0.073
2025/7/3 23:45,0.069
2025/7/3 23:48,0.071
2025/7/3 23:51,0.073
2025/7/3 23:54,0.074
2025/7/3 23:57,0.079
2025/7/4 0:00,0.081
2025/7/4 0:03,0.079
2025/7/4 0:06,0.075
2025/7/4 0:09,0.069
2025/7/4 0:12,0.065
2025/7/4 0:15,0.063
2025/7/4 0:18,0.064
2025/7/4 0:21,0.073
2025/7/4 0:24,0.084
2025/7/4 0:27,0.091
2025/7/4 0:30,0.091
2025/7/4 0:33,0.087
2025/7/4 0:36,0.084
2025/7/4 0:39,0.084
2025/7/4 0:42,0.087
2025/7/4 0:45,0.093
2025/7/4 0:48,0.096
2025/7/4 0:51,0.102
2025/7/4 0:54,0.104
2025/7/4 0:57,0.102
2025/7/4 1:00,0.095
2025/7/4 1:03,0.09
2025/7/4 1:06,0.092
2025/7/4 1:09,0.102
2025/7/4 1:12,0.113
2025/7/4 1:15,0.118
2025/7/4 1:18,0.114
2025/7/4 1:21,0.116
2025/7/4 1:24,0.116
2025/7/4 1:27,0.117
2025/7/4 1:30,0.118
2025/7/4 1:33,0.121
2025/7/4 1:36,0.121
2025/7/4 1:39,0.124
2025/7/4 1:42,0.124
2025/7/4 1:45,0.128
2025/7/4 1:48,0.126
2025/7/4 1:51,0.124
2025/7/4 1:54,0.124
2025/7/4 1:57,0.123
2025/7/4 2:00,0.121
2025/7/4 2:03,0.123
2025/7/4 2:06,0.125
2025/7/4 2:09,0.125
2025/7/4 2:12,0.125
2025/7/4 2:15,0.133
2025/7/4 2:18,0.136
2025/7/4 2:21,0.132
2025/7/4 2:24,0.133
2025/7/4 2:27,0.137
2025/7/4 2:30,0.142
2025/7/4 2:33,0.146
2025/7/4 2:36,0.146
2025/7/4 2:39,0.144
2025/7/4 2:42,0.142
2025/7/4 2:45,0.141
2025/7/4 2:48,0.137
2025/7/4 2:51,0.137
2025/7/4 2:54,0.139
2025/7/4 2:57,0.139
2025/7/4 3:00,0.138
2025/7/4 3:03,0.136
2025/7/4 3:06,0.138
2025/7/4 3:09,0.147
2025/7/4 3:12,0.155
2025/7/4 3:15,0.162
2025/7/4 3:18,0.163
2025/7/4 3:21,0.163
2025/7/4 3:24,0.16
2025/7/4 3:27,0.146
2025/7/4 3:30,0.137
2025/7/4 3:33,0.132
2025/7/4 3:36,0.135
2025/7/4 3:39,0.138
2025/7/4 3:42,0.138
2025/7/4 3:45,0.136
2025/7/4 3:48,0.136
2025/7/4 3:51,0.137
2025/7/4 3:54,0.133
2025/7/4 3:57,0.133
2025/7/4 4:00,0.138
2025/7/4 4:03,0.146
2025/7/4 4:06,0.152
2025/7/4 4:09,0.147
2025/7/4 4:12,0.14
2025/7/4 4:15,0.14
2025/7/4 4:18,0.142
2025/7/4 4:21,0.138
2025/7/4 4:24,0.129
2025/7/4 4:27,0.129
2025/7/4 4:30,0.125
2025/7/4 4:33,0.12
2025/7/4 4:36,0.115
2025/7/4 4:39,0.114
2025/7/4 4:42,0.116
2025/7/4 4:45,0.121
2025/7/4 4:48,0.123
2025/7/4 4:51,0.123
2025/7/4 4:54,0.127
2025/7/4 4:57,0.134
2025/7/4 5:00,0.129
2025/7/4 5:03,0.119
2025/7/4 5:06,0.11
2025/7/4 5:09,0.103
2025/7/4 5:12,0.099
2025/7/4 5:15,0.097
2025/7/4 5:18,0.1
2025/7/4 5:21,0.108
2025/7/4 5:24,0.112
2025/7/4 5:27,0.106
2025/7/4 5:30,0.096
2025/7/4 5:33,0.089
2025/7/4 5:36,0.09
2025/7/4 5:39,0.094
2025/7/4 5:42,0.094
2025/7/4 5:45,0.091
2025/7/4 5:48,0.09
2025/7/4 5:51,0.085
2025/7/4 5:54,0.081
2025/7/4 5:57,0.077
2025/7/4 6:00,0.076
2025/7/4 6:03,0.076
2025/7/4 6:06,0.076
2025/7/4 6:09,0.08
2025/7/4 6:12,0.081
2025/7/4 6:15,0.073
2025/7/4 6:18,0.066
2025/7/4 6:21,0.061
2025/7/4 6:24,0.061
2025/7/4 6:27,0.064
2025/7/4 6:30,0.062
2025/7/4 6:33,0.058
2025/7/4 6:36,0.052
2025/7/4 6:39,0.044
2025/7/4 6:42,0.042
2025/7/4 6:45,0.039
2025/7/4 6:48,0.037
2025/7/4 6:51,0.041
2025/7/4 6:54,0.048
2025/7/4 6:57,0.051
2025/7/4 7:00,0.047
2025/7/4 7:03,0.038
2025/7/4 7:06,0.032
2025/7/4 7:09,0.029
2025/7/4 7:12,0.029
2025/7/4 7:15,0.03
2025/7/4 7:18,0.03
2025/7/4 7:21,0.024
2025/7/4 7:24,0.019
2025/7/4 7:27,0.012
2025/7/4 7:30,0.01
2025/7/4 7:33,0.005
2025/7/4 7:36,0.005
2025/7/4 7:39,0.012
2025/7/4 7:42,0.021
2025/7/4 7:45,0.023
2025/7/4 7:48,0.023
2025/7/4 7:51,0.021
2025/7/4 7:54,0.019
2025/7/4 7:57,0.012
2025/7/4 8:00,0.003
2025/7/4 8:03,-0.002
2025/7/4 8:06,-0.002
2025/7/4 8:09,-0.002
2025/7/4 8:12,0
2025/7/4 8:15,0.003
2025/7/4 8:18,0.003
2025/7/4 8:21,0.005
2025/7/4 8:24,0.001
2025/7/4 8:27,-0.002
2025/7/4 8:30,-0.003
2025/7/4 8:33,-0.003
2025/7/4 8:36,0.001
2025/7/4 8:39,-0.003
2025/7/4 8:42,-0.007
2025/7/4 8:45,-0.009
2025/7/4 8:48,-0.003
2025/7/4 8:51,-0.003
2025/7/4 8:54,-0.004
2025/7/4 8:57,-0.008
2025/7/4 9:00,-0.008
2025/7/4 9:03,-0.012
2025/7/4 9:06,-0.015
2025/7/4 9:09,-0.017
2025/7/4 9:12,-0.021
2025/7/4 9:15,-0.017
2025/7/4 9:18,-0.009
2025/7/4 9:21,-0.002
2025/7/4 9:24,-0.002
2025/7/4 9:27,-0.009
2025/7/4 9:30,-0.011
2025/7/4 9:33,-0.011
2025/7/4 9:36,-0.011
2025/7/4 9:39,-0.007
2025/7/4 9:42,-0.004
2025/7/4 9:45,-0.003
2025/7/4 9:48,-0.006
2025/7/4 9:51,-0.005
2025/7/4 9:54,-0.004
2025/7/4 9:57,-0.008
2025/7/4 10:00,-0.012
2025/7/4 10:03,-0.012
2025/7/4 10:06,-0.008
2025/7/4 10:09,-0.006
2025/7/4 10:12,-0.004
2025/7/4 10:15,0.001
2025/7/4 10:18,-0.003
2025/7/4 10:21,-0.002
2025/7/4 10:24,0.001
2025/7/4 10:27,0.004
2025/7/4 10:30,0.006
2025/7/4 10:33,0.008
2025/7/4 10:36,0.007
2025/7/4 10:39,0.008
2025/7/4 10:42,0.011
2025/7/4 10:45,0.01
2025/7/4 10:48,0.007
2025/7/4 10:51,0
2025/7/4 10:54,-0.009
2025/7/4 10:57,-0.004
2025/7/4 11:00,0.002
2025/7/4 11:03,0.005
2025/7/4 11:06,0.011
2025/7/4 11:09,0.015
2025/7/4 11:12,0.018
2025/7/4 11:15,0.021
2025/7/4 11:18,0.019
2025/7/4 11:21,0.019
2025/7/4 11:24,0.013
2025/7/4 11:27,0.008
2025/7/4 11:30,0.009
2025/7/4 11:33,0.009
2025/7/4 11:36,0.012
2025/7/4 11:39,0.011
2025/7/4 11:42,0.013
2025/7/4 11:45,0.017
2025/7/4 11:48,0.026
2025/7/4 11:51,0.032
2025/7/4 11:54,0.032
2025/7/4 11:57,0.034
2025/7/4 12:00,0.028
2025/7/4 12:03,0.03
2025/7/4 12:06,0.031
2025/7/4 12:09,0.041
2025/7/4 12:12,0.043
2025/7/4 12:15,0.036
2025/7/4 12:18,0.029
2025/7/4 12:21,0.025
2025/7/4 12:24,0.02
2025/7/4 12:27,0.021
2025/7/4 12:30,0.022
2025/7/4 12:33,0.031
2025/7/4 12:36,0.035
2025/7/4 12:39,0.047
2025/7/4 12:42,0.053
2025/7/4 12:45,0.05
2025/7/4 12:48,0.053
2025/7/4 12:51,0.059
2025/7/4 12:54,0.06
2025/7/4 12:57,0.068
2025/7/4 13:00,0.063
2025/7/4 13:03,0.054
2025/7/4 13:06,0.045
2025/7/4 13:09,0.041
2025/7/4 13:12,0.044
2025/7/4 13:15,0.052
2025/7/4 13:18,0.061
2025/7/4 13:21,0.063
2025/7/4 13:24,0.069
2025/7/4 13:27,0.072
2025/7/4 13:30,0.071
2025/7/4 13:33,0.062
2025/7/4 13:36,0.056
2025/7/4 13:39,0.064
2025/7/4 13:42,0.063
2025/7/4 13:45,0.067
2025/7/4 13:48,0.07
2025/7/4 13:51,0.071
2025/7/4 13:54,0.078
2025/7/4 13:57,0.072
2025/7/4 14:00,0.07
2025/7/4 14:03,0.069
2025/7/4 14:06,0.067
2025/7/4 14:09,0.066
2025/7/4 14:12,0.072
2025/7/4 14:15,0.075
2025/7/4 14:18,0.076
2025/7/4 14:21,0.078
2025/7/4 14:24,0.082
2025/7/4 14:27,0.086
2025/7/4 14:30,0.096
2025/7/4 14:33,0.102
2025/7/4 14:36,0.105
2025/7/4 14:39,0.101
2025/7/4 14:42,0.101
2025/7/4 14:45,0.095
2025/7/4 14:48,0.094
2025/7/4 14:51,0.093
2025/7/4 14:54,0.092
2025/7/4 14:57,0.094
2025/7/4 15:00,0.095
2025/7/4 15:03,0.096
2025/7/4 15:06,0.094
2025/7/4 15:09,0.101
2025/7/4 15:12,0.103
2025/7/4 15:15,0.104
2025/7/4 15:18,0.092
2025/7/4 15:21,0.1
2025/7/4 15:24,0.106
2025/7/4 15:27,0.108
2025/7/4 15:30,0.103
2025/7/4 15:33,0.093
2025/7/4 15:36,0.088
2025/7/4 15:39,0.085
2025/7/4 15:42,0.083
2025/7/4 15:45,0.089
2025/7/4 15:48,0.099
2025/7/4 15:51,0.111
2025/7/4 15:54,0.12
2025/7/4 15:57,0.121
2025/7/4 16:00,0.121
2025/7/4 16:03,0.118
2025/7/4 16:06,0.109
2025/7/4 16:09,0.106
2025/7/4 16:12,0.106
2025/7/4 16:15,0.101
2025/7/4 16:18,0.097
2025/7/4 16:21,0.097
2025/7/4 16:24,0.096
2025/7/4 16:27,0.109
2025/7/4 16:30,0.111
2025/7/4 16:33,0.111
2025/7/4 16:36,0.107
2025/7/4 16:39,0.101
2025/7/4 16:42,0.095
2025/7/4 16:45,0.1
2025/7/4 16:48,0.116
2025/7/4 16:51,0.137
2025/7/4 16:54,0.146
2025/7/4 16:57,0.153
2025/7/4 17:00,0.137
2025/7/4 17:03,0.115
2025/7/4 17:06,0.096
2025/7/4 17:09,0.094
2025/7/4 17:12,0.096
2025/7/4 17:15,0.1
2025/7/4 17:18,0.103
2025/7/4 17:21,0.103
2025/7/4 17:24,0.1
2025/7/4 17:27,0.098
2025/7/4 17:30,0.101
2025/7/4 17:33,0.109
2025/7/4 17:36,0.114
2025/7/4 17:39,0.114
2025/7/4 17:42,0.119
2025/7/4 17:45,0.122
2025/7/4 17:48,0.119
2025/7/4 17:51,0.121
2025/7/4 17:54,0.123
2025/7/4 17:57,0.122
2025/7/4 18:00,0.11
2025/7/4 18:03,0.095
2025/7/4 18:06,0.085
2025/7/4 18:09,0.081
2025/7/4 18:12,0.084
2025/7/4 18:15,0.093
2025/7/4 18:18,0.102
2025/7/4 18:21,0.106
2025/7/4 18:24,0.106
2025/7/4 18:27,0.108
2025/7/4 18:30,0.104
2025/7/4 18:33,0.1
2025/7/4 18:36,0.094
2025/7/4 18:39,0.094
2025/7/4 18:42,0.091
2025/7/4 18:45,0.081
2025/7/4 18:48,0.078
2025/7/4 18:51,0.077
2025/7/4 18:54,0.078
2025/7/4 18:57,0.084
2025/7/4 19:00,0.093
2025/7/4 19:03,0.098
2025/7/4 19:06,0.094
2025/7/4 19:09,0.085
2025/7/4 19:12,0.079
2025/7/4 19:15,0.079
2025/7/4 19:18,0.081
2025/7/4 19:21,0.084
2025/7/4 19:24,0.084
2025/7/4 19:27,0.078
2025/7/4 19:30,0.074
2025/7/4 19:33,0.07
2025/7/4 19:36,0.069
2025/7/4 19:39,0.077
2025/7/4 19:42,0.077
2025/7/4 19:45,0.075
2025/7/4 19:48,0.072
2025/7/4 19:51,0.067
2025/7/4 19:54,0.054
2025/7/4 19:57,0.044
2025/7/4 20:00,0.044
2025/7/4 20:03,0.049
2025/7/4 20:06,0.06
2025/7/4 20:09,0.073
2025/7/4 20:12,0.07
2025/7/4 20:15,0.06
2025/7/4 20:18,0.055
2025/7/4 20:21,0.055
2025/7/4 20:24,0.05
2025/7/4 20:27,0.048
2025/7/4 20:30,0.053
2025/7/4 20:33,0.057
2025/7/4 20:36,0.054
2025/7/4 20:39,0.054
2025/7/4 20:42,0.053
2025/7/4 20:45,0.048
2025/7/4 20:48,0.048
2025/7/4 20:51,0.045
2025/7/4 20:54,0.041
2025/7/4 20:57,0.042
2025/7/4 21:00,0.04
2025/7/4 21:03,0.036
2025/7/4 21:06,0.033
2025/7/4 21:09,0.035
2025/7/4 21:12,0.04
2025/7/4 21:15,0.043
2025/7/4 21:18,0.045
2025/7/4 21:21,0.043
2025/7/4 21:24,0.042
2025/7/4 21:27,0.047
2025/7/4 21:30,0.044
2025/7/4 21:33,0.042
2025/7/4 21:36,0.037
2025/7/4 21:39,0.035
2025/7/4 21:42,0.038
2025/7/4 21:45,0.043
2025/7/4 21:48,0.05
2025/7/4 21:51,0.047
2025/7/4 21:54,0.038
2025/7/4 21:57,0.032
2025/7/4 22:00,0.03
2025/7/4 22:03,0.029
2025/7/4 22:06,0.029
2025/7/4 22:09,0.027
2025/7/4 22:12,0.029
2025/7/4 22:15,0.032
2025/7/4 22:18,0.033
2025/7/4 22:21,0.032
2025/7/4 22:24,0.03
2025/7/4 22:27,0.031
2025/7/4 22:30,0.033
2025/7/4 22:33,0.028
2025/7/4 22:36,0.026
2025/7/4 22:39,0.027
2025/7/4 22:42,0.034
2025/7/4 22:45,0.036
2025/7/4 22:48,0.038
2025/7/4 22:51,0.036
2025/7/4 22:54,0.033
2025/7/4 22:57,0.03
2025/7/4 23:00,0.03
2025/7/4 23:03,0.03
2025/7/4 23:06,0.032
2025/7/4 23:09,0.031
2025/7/4 23:12,0.029
2025/7/4 23:15,0.028
2025/7/4 23:18,0.025
2025/7/4 23:21,0.027
2025/7/4 23:24,0.035
2025/7/4 23:27,0.043
2025/7/4 23:30,0.049
2025/7/4 23:33,0.051
2025/7/4 23:36,0.051
2025/7/4 23:39,0.049
2025/7/4 23:42,0.044
2025/7/4 23:45,0.041
2025/7/4 23:48,0.041
2025/7/4 23:51,0.04
2025/7/4 23:54,0.04
2025/7/4 23:57,0.04
2025/7/5 0:00,0.039
2025/7/5 0:03,0.037
2025/7/5 0:06,0.034
2025/7/5 0:09,0.038
2025/7/5 0:12,0.049
2025/7/5 0:15,0.062
2025/7/5 0:18,0.067
2025/7/5 0:21,0.067
2025/7/5 0:24,0.063
2025/7/5 0:27,0.059
2025/7/5 0:30,0.06
2025/7/5 0:33,0.062
2025/7/5 0:36,0.064
2025/7/5 0:39,0.061
2025/7/5 0:42,0.06
2025/7/5 0:45,0.06
2025/7/5 0:48,0.061
2025/7/5 0:51,0.057
2025/7/5 0:54,0.053
2025/7/5 0:57,0.05
2025/7/5 1:00,0.051
2025/7/5 1:03,0.059
2025/7/5 1:06,0.07
2025/7/5 1:09,0.08
2025/7/5 1:12,0.084
2025/7/5 1:15,0.088
2025/7/5 1:18,0.091
2025/7/5 1:21,0.092
2025/7/5 1:24,0.091
2025/7/5 1:27,0.084
2025/7/5 1:30,0.078
2025/7/5 1:33,0.073
2025/7/5 1:36,0.074
2025/7/5 1:39,0.077
2025/7/5 1:42,0.08
2025/7/5 1:45,0.086
2025/7/5 1:48,0.092
2025/7/5 1:51,0.095
2025/7/5 1:54,0.099
2025/7/5 1:57,0.099
2025/7/5 2:00,0.098
2025/7/5 2:03,0.095
2025/7/5 2:06,0.091
2025/7/5 2:09,0.087
2025/7/5 2:12,0.089
2025/7/5 2:15,0.094
2025/7/5 2:18,0.098
2025/7/5 2:21,0.096
2025/7/5 2:24,0.097
2025/7/5 2:27,0.1
2025/7/5 2:30,0.105
2025/7/5 2:33,0.11
2025/7/5 2:36,0.116
2025/7/5 2:39,0.123
2025/7/5 2:42,0.131
2025/7/5 2:45,0.136
2025/7/5 2:48,0.136
2025/7/5 2:51,0.13
2025/7/5 2:54,0.121
2025/7/5 2:57,0.114
2025/7/5 3:00,0.108
2025/7/5 3:03,0.101
2025/7/5 3:06,0.1
2025/7/5 3:09,0.098
2025/7/5 3:12,0.099
2025/7/5 3:15,0.108
2025/7/5 3:18,0.122
2025/7/5 3:21,0.134
2025/7/5 3:24,0.142
2025/7/5 3:27,0.137
2025/7/5 3:30,0.133
2025/7/5 3:33,0.131
2025/7/5 3:36,0.131
2025/7/5 3:39,0.129
2025/7/5 3:42,0.129
2025/7/5 3:45,0.127
2025/7/5 3:48,0.127
2025/7/5 3:51,0.129
2025/7/5 3:54,0.129
2025/7/5 3:57,0.13
2025/7/5 4:00,0.132
2025/7/5 4:03,0.132
2025/7/5 4:06,0.132
2025/7/5 4:09,0.133
2025/7/5 4:12,0.134
2025/7/5 4:15,0.136
2025/7/5 4:18,0.139
2025/7/5 4:21,0.14
2025/7/5 4:24,0.14
2025/7/5 4:27,0.135
2025/7/5 4:30,0.13
2025/7/5 4:33,0.128
2025/7/5 4:36,0.127
2025/7/5 4:39,0.127
2025/7/5 4:42,0.128
2025/7/5 4:45,0.122
2025/7/5 4:48,0.12
2025/7/5 4:51,0.12
2025/7/5 4:54,0.126
2025/7/5 4:57,0.127
2025/7/5 5:00,0.127
2025/7/5 5:03,0.126
2025/7/5 5:06,0.125
2025/7/5 5:09,0.119
2025/7/5 5:12,0.113
2025/7/5 5:15,0.108
2025/7/5 5:18,0.112
2025/7/5 5:21,0.114
2025/7/5 5:24,0.115
2025/7/5 5:27,0.116
2025/7/5 5:30,0.12
2025/7/5 5:33,0.118
2025/7/5 5:36,0.117
2025/7/5 5:39,0.116
2025/7/5 5:42,0.114
2025/7/5 5:45,0.107
2025/7/5 5:48,0.105
2025/7/5 5:51,0.101
2025/7/5 5:54,0.099
2025/7/5 5:57,0.098
2025/7/5 6:00,0.095
2025/7/5 6:03,0.09
2025/7/5 6:06,0.088
2025/7/5 6:09,0.085
2025/7/5 6:12,0.084
2025/7/5 6:15,0.081
2025/7/5 6:18,0.081
2025/7/5 6:21,0.085
2025/7/5 6:24,0.09
2025/7/5 6:27,0.093
2025/7/5 6:30,0.093
2025/7/5 6:33,0.09
2025/7/5 6:36,0.085
2025/7/5 6:39,0.085
2025/7/5 6:42,0.077
2025/7/5 6:45,0.067
2025/7/5 6:48,0.062
2025/7/5 6:51,0.057
2025/7/5 6:54,0.056
2025/7/5 6:57,0.056
2025/7/5 7:00,0.062
2025/7/5 7:03,0.063
2025/7/5 7:06,0.058
2025/7/5 7:09,0.055
2025/7/5 7:12,0.056
2025/7/5 7:15,0.057
2025/7/5 7:18,0.057
2025/7/5 7:21,0.055
2025/7/5 7:24,0.051
2025/7/5 7:27,0.044
2025/7/5 7:30,0.041
2025/7/5 7:33,0.041
2025/7/5 7:36,0.037
2025/7/5 7:39,0.035
2025/7/5 7:42,0.037
2025/7/5 7:45,0.047
2025/7/5 7:48,0.049
2025/7/5 7:51,0.043
2025/7/5 7:54,0.035
2025/7/5 7:57,0.028
2025/7/5 8:00,0.024
2025/7/5 8:03,0.02
2025/7/5 8:06,0.016
2025/7/5 8:09,0.017
2025/7/5 8:12,0.016
2025/7/5 8:15,0.016
2025/7/5 8:18,0.012
2025/7/5 8:21,0.009
2025/7/5 8:24,0.011
2025/7/5 8:27,0.017
2025/7/5 8:30,0.02
2025/7/5 8:33,0.023
2025/7/5 8:36,0.021
2025/7/5 8:39,0.019
2025/7/5 8:42,0.021
2025/7/5 8:45,0.019
2025/7/5 8:48,0.019
2025/7/5 8:51,0.013
2025/7/5 8:54,0.007
2025/7/5 8:57,0.002
2025/7/5 9:00,0.004
2025/7/5 9:03,0.006
2025/7/5 9:06,0.005
2025/7/5 9:09,0.002
2025/7/5 9:12,-0.003
2025/7/5 9:15,-0.002
2025/7/5 9:18,-0.003
2025/7/5 9:21,-0.001
2025/7/5 9:24,0.002
2025/7/5 9:27,0.006
2025/7/5 9:30,0.011
2025/7/5 9:33,0.005
2025/7/5 9:36,-0.003
2025/7/5 9:39,-0.011
2025/7/5 9:42,-0.017
2025/7/5 9:45,-0.016
2025/7/5 9:48,-0.011
2025/7/5 9:51,-0.01
2025/7/5 9:54,-0.009
2025/7/5 9:57,-0.009
2025/7/5 10:00,-0.009
2025/7/5 10:03,-0.006
2025/7/5 10:06,0
2025/7/5 10:09,0.006
2025/7/5 10:12,0.003
2025/7/5 10:15,-0.008
2025/7/5 10:18,-0.013
2025/7/5 10:21,-0.014
2025/7/5 10:24,-0.016
2025/7/5 10:27,-0.02
2025/7/5 10:30,-0.022
2025/7/5 10:33,-0.017
2025/7/5 10:36,-0.013
2025/7/5 10:39,-0.013
2025/7/5 10:42,-0.013
2025/7/5 10:45,-0.011
2025/7/5 10:48,-0.014
2025/7/5 10:51,-0.018
2025/7/5 10:54,-0.013
2025/7/5 10:57,-0.009
2025/7/5 11:00,-0.005
2025/7/5 11:03,-0.005
2025/7/5 11:06,-0.001
2025/7/5 11:09,-0.002
2025/7/5 11:12,-0.004
2025/7/5 11:15,-0.005
2025/7/5 11:18,-0.006
2025/7/5 11:21,-0.005
2025/7/5 11:24,-0.009
2025/7/5 11:27,-0.005
2025/7/5 11:30,-0.002
2025/7/5 11:33,0.007
2025/7/5 11:36,0.011
2025/7/5 11:39,0.011
2025/7/5 11:42,0.01
2025/7/5 11:45,0.011
2025/7/5 11:48,0.016
2025/7/5 11:51,0.014
2025/7/5 11:54,0.005
2025/7/5 11:57,0.001
2025/7/5 12:00,-0.001
2025/7/5 12:03,0.002
2025/7/5 12:06,0.011
2025/7/5 12:09,0.013
2025/7/5 12:12,0.013
2025/7/5 12:15,0.014
2025/7/5 12:18,0.011
2025/7/5 12:21,-0.001
2025/7/5 12:24,-0.004
2025/7/5 12:27,0.001
2025/7/5 12:30,0.009
2025/7/5 12:33,0.019
2025/7/5 12:36,0.025
2025/7/5 12:39,0.03
2025/7/5 12:42,0.028
2025/7/5 12:45,0.027
2025/7/5 12:48,0.023
2025/7/5 12:51,0.021
2025/7/5 12:54,0.022
2025/7/5 12:57,0.03
2025/7/5 13:00,0.032
2025/7/5 13:03,0.036
2025/7/5 13:06,0.035
2025/7/5 13:09,0.028
2025/7/5 13:12,0.03
2025/7/5 13:15,0.027
2025/7/5 13:18,0.027
2025/7/5 13:21,0.02
2025/7/5 13:24,0.02
2025/7/5 13:27,0.025
2025/7/5 13:30,0.032
2025/7/5 13:33,0.038
2025/7/5 13:36,0.046
2025/7/5 13:39,0.047
2025/7/5 13:42,0.045
2025/7/5 13:45,0.046
2025/7/5 13:48,0.046
2025/7/5 13:51,0.055
2025/7/5 13:54,0.059
2025/7/5 13:57,0.063
2025/7/5 14:00,0.059
2025/7/5 14:03,0.054
2025/7/5 14:06,0.053
2025/7/5 14:09,0.053
2025/7/5 14:12,0.052
2025/7/5 14:15,0.053
2025/7/5 14:18,0.059
2025/7/5 14:21,0.066
2025/7/5 14:24,0.069
2025/7/5 14:27,0.07
2025/7/5 14:30,0.072
2025/7/5 14:33,0.073
2025/7/5 14:36,0.072
2025/7/5 14:39,0.073
2025/7/5 14:42,0.075
2025/7/5 14:45,0.073
2025/7/5 14:48,0.069
2025/7/5 14:51,0.064
2025/7/5 14:54,0.063
2025/7/5 14:57,0.065
2025/7/5 15:00,0.07
2025/7/5 15:03,0.077
2025/7/5 15:06,0.079
2025/7/5 15:09,0.086
2025/7/5 15:12,0.093
2025/7/5 15:15,0.099
2025/7/5 15:18,0.1
2025/7/5 15:21,0.098
2025/7/5 15:24,0.101
2025/7/5 15:27,0.105
2025/7/5 15:30,0.112
2025/7/5 15:33,0.112
2025/7/5 15:36,0.109
2025/7/5 15:39,0.101
2025/7/5 15:42,0.098
2025/7/5 15:45,0.1
2025/7/5 15:48,0.105
2025/7/5 15:51,0.103
2025/7/5 15:54,0.104
2025/7/5 15:57,0.099
2025/7/5 16:00,0.1
2025/7/5 16:03,0.099
2025/7/5 16:06,0.108
2025/7/5 16:09,0.117
2025/7/5 16:12,0.124
2025/7/5 16:15,0.128
2025/7/5 16:18,0.127
2025/7/5 16:21,0.125
2025/7/5 16:24,0.123
2025/7/5 16:27,0.128
2025/7/5 16:30,0.128
2025/7/5 16:33,0.13
2025/7/5 16:36,0.134
2025/7/5 16:39,0.138
2025/7/5 16:42,0.133
2025/7/5 16:45,0.119
2025/7/5 16:48,0.11
2025/7/5 16:51,0.114
2025/7/5 16:54,0.119
2025/7/5 16:57,0.118
2025/7/5 17:00,0.123
2025/7/5 17:03,0.124
2025/7/5 17:06,0.128
2025/7/5 17:09,0.134
2025/7/5 17:12,0.141
2025/7/5 17:15,0.143
2025/7/5 17:18,0.141
2025/7/5 17:21,0.143
2025/7/5 17:24,0.144
2025/7/5 17:27,0.144
2025/7/5 17:30,0.139
2025/7/5 17:33,0.138
2025/7/5 17:36,0.132
2025/7/5 17:39,0.125
2025/7/5 17:42,0.122
2025/7/5 17:45,0.125
2025/7/5 17:48,0.129
2025/7/5 17:51,0.132
2025/7/5 17:54,0.138
2025/7/5 17:57,0.146
2025/7/5 18:00,0.148
2025/7/5 18:03,0.146
2025/7/5 18:06,0.136
2025/7/5 18:09,0.129
2025/7/5 18:12,0.123
2025/7/5 18:15,0.126
2025/7/5 18:18,0.132
2025/7/5 18:21,0.14
2025/7/5 18:24,0.139
2025/7/5 18:27,0.137
2025/7/5 18:30,0.131
2025/7/5 18:33,0.122
2025/7/5 18:36,0.118
2025/7/5 18:39,0.121
2025/7/5 18:42,0.125
2025/7/5 18:45,0.128
2025/7/5 18:48,0.131
2025/7/5 18:51,0.13
2025/7/5 18:54,0.132
2025/7/5 18:57,0.131
2025/7/5 19:00,0.137
2025/7/5 19:03,0.137
2025/7/5 19:06,0.132
2025/7/5 19:09,0.121
2025/7/5 19:12,0.115
2025/7/5 19:15,0.116
2025/7/5 19:18,0.112
2025/7/5 19:21,0.11
2025/7/5 19:24,0.107
2025/7/5 19:27,0.107
2025/7/5 19:30,0.108
2025/7/5 19:33,0.108
2025/7/5 19:36,0.108
2025/7/5 19:39,0.111
2025/7/5 19:42,0.112
2025/7/5 19:45,0.109
2025/7/5 19:48,0.105
2025/7/5 19:51,0.102
2025/7/5 19:54,0.097
2025/7/5 19:57,0.098
2025/7/5 20:00,0.092
2025/7/5 20:03,0.085
2025/7/5 20:06,0.081
2025/7/5 20:09,0.083
2025/7/5 20:12,0.09
2025/7/5 20:15,0.089
2025/7/5 20:18,0.089
2025/7/5 20:21,0.089
2025/7/5 20:24,0.094
2025/7/5 20:27,0.091
2025/7/5 20:30,0.085
2025/7/5 20:33,0.081
2025/7/5 20:36,0.079
2025/7/5 20:39,0.08
2025/7/5 20:42,0.084
2025/7/5 20:45,0.079
2025/7/5 20:48,0.071
2025/7/5 20:51,0.066
2025/7/5 20:54,0.066
2025/7/5 20:57,0.068
2025/7/5 21:00,0.067
2025/7/5 21:03,0.067
2025/7/5 21:06,0.066
2025/7/5 21:09,0.063
2025/7/5 21:12,0.06
2025/7/5 21:15,0.059
2025/7/5 21:18,0.062
2025/7/5 21:21,0.06
2025/7/5 21:24,0.059
2025/7/5 21:27,0.064
2025/7/5 21:30,0.065
2025/7/5 21:33,0.063
2025/7/5 21:36,0.055
2025/7/5 21:39,0.05
2025/7/5 21:42,0.051
2025/7/5 21:45,0.048
2025/7/5 21:48,0.048
2025/7/5 21:51,0.045
2025/7/5 21:54,0.044
2025/7/5 21:57,0.043
2025/7/5 22:00,0.038
2025/7/5 22:03,0.034
2025/7/5 22:06,0.032
2025/7/5 22:09,0.032
2025/7/5 22:12,0.031
2025/7/5 22:15,0.034
2025/7/5 22:18,0.037
2025/7/5 22:21,0.044
2025/7/5 22:24,0.051
2025/7/5 22:27,0.049
2025/7/5 22:30,0.042
2025/7/5 22:33,0.037
2025/7/5 22:36,0.035
2025/7/5 22:39,0.035
2025/7/5 22:42,0.033
2025/7/5 22:45,0.033
2025/7/5 22:48,0.037
2025/7/5 22:51,0.042
2025/7/5 22:54,0.034
2025/7/5 22:57,0.027
2025/7/5 23:00,0.024
2025/7/5 23:03,0.024
2025/7/5 23:06,0.03
2025/7/5 23:09,0.037
2025/7/5 23:12,0.043
2025/7/5 23:15,0.043
2025/7/5 23:18,0.036
2025/7/5 23:21,0.032
2025/7/5 23:24,0.028
2025/7/5 23:27,0.026
2025/7/5 23:30,0.027
2025/7/5 23:33,0.031
2025/7/5 23:36,0.037
2025/7/5 23:39,0.039
2025/7/5 23:42,0.041
2025/7/5 23:45,0.041
2025/7/5 23:48,0.038
2025/7/5 23:51,0.033
2025/7/5 23:54,0.03
2025/7/5 23:57,0.029
2025/7/6 0:00,0.03
2025/7/6 0:03,0.032
2025/7/6 0:06,0.037
2025/7/6 0:09,0.037
2025/7/6 0:12,0.04
2025/7/6 0:15,0.042
2025/7/6 0:18,0.043
2025/7/6 0:21,0.036
2025/7/6 0:24,0.037
2025/7/6 0:27,0.038
2025/7/6 0:30,0.044
2025/7/6 0:33,0.049
2025/7/6 0:36,0.058
2025/7/6 0:39,0.061
2025/7/6 0:42,0.057
2025/7/6 0:45,0.052
2025/7/6 0:48,0.049
2025/7/6 0:51,0.045
2025/7/6 0:54,0.048
2025/7/6 0:57,0.054
2025/7/6 1:00,0.057
2025/7/6 1:03,0.06
2025/7/6 1:06,0.06
2025/7/6 1:09,0.06
2025/7/6 1:12,0.058
2025/7/6 1:15,0.053
2025/7/6 1:18,0.054
2025/7/6 1:21,0.056
2025/7/6 1:24,0.059
2025/7/6 1:27,0.058
2025/7/6 1:30,0.056
2025/7/6 1:33,0.055
2025/7/6 1:36,0.058
2025/7/6 1:39,0.059
2025/7/6 1:42,0.063
2025/7/6 1:45,0.066
2025/7/6 1:48,0.072
2025/7/6 1:51,0.078
2025/7/6 1:54,0.082
2025/7/6 1:57,0.083
2025/7/6 2:00,0.085
2025/7/6 2:03,0.084
2025/7/6 2:06,0.08
2025/7/6 2:09,0.073
2025/7/6 2:12,0.071
2025/7/6 2:15,0.071
2025/7/6 2:18,0.073
2025/7/6 2:21,0.076
2025/7/6 2:24,0.08
2025/7/6 2:27,0.084
2025/7/6 2:30,0.083
2025/7/6 2:33,0.086
2025/7/6 2:36,0.088
2025/7/6 2:39,0.09
2025/7/6 2:42,0.091
2025/7/6 2:45,0.095
2025/7/6 2:48,0.1
2025/7/6 2:51,0.097
2025/7/6 2:54,0.097
2025/7/6 2:57,0.099
2025/7/6 3:00,0.098
2025/7/6 3:03,0.097
2025/7/6 3:06,0.101
2025/7/6 3:09,0.103
2025/7/6 3:12,0.105
2025/7/6 3:15,0.105
2025/7/6 3:18,0.105
2025/7/6 3:21,0.107
2025/7/6 3:24,0.104
2025/7/6 3:27,0.105
2025/7/6 3:30,0.107
2025/7/6 3:33,0.11
2025/7/6 3:36,0.11
2025/7/6 3:39,0.111
2025/7/6 3:42,0.11
2025/7/6 3:45,0.112
2025/7/6 3:48,0.119
2025/7/6 3:51,0.124
2025/7/6 3:54,0.124
2025/7/6 3:57,0.115
2025/7/6 4:00,0.109
2025/7/6 4:03,0.109
2025/7/6 4:06,0.111
2025/7/6 4:09,0.116
2025/7/6 4:12,0.112
2025/7/6 4:15,0.11
2025/7/6 4:18,0.109
2025/7/6 4:21,0.109
2025/7/6 4:24,0.112
2025/7/6 4:27,0.117
2025/7/6 4:30,0.119
2025/7/6 4:33,0.122
2025/7/6 4:36,0.122
2025/7/6 4:39,0.12
2025/7/6 4:42,0.121
2025/7/6 4:45,0.123
2025/7/6 4:48,0.125
2025/7/6 4:51,0.125
2025/7/6 4:54,0.123
2025/7/6 4:57,0.123
2025/7/6 5:00,0.119
2025/7/6 5:03,0.114
2025/7/6 5:06,0.114
2025/7/6 5:09,0.123
2025/7/6 5:12,0.129
2025/7/6 5:15,0.132
2025/7/6 5:18,0.129
2025/7/6 5:21,0.115
2025/7/6 5:24,0.105
2025/7/6 5:27,0.104
2025/7/6 5:30,0.107
2025/7/6 5:33,0.11
2025/7/6 5:36,0.11
2025/7/6 5:39,0.111
2025/7/6 5:42,0.116
2025/7/6 5:45,0.121
2025/7/6 5:48,0.123
2025/7/6 5:51,0.118
2025/7/6 5:54,0.113
2025/7/6 5:57,0.108
2025/7/6 6:00,0.108
2025/7/6 6:03,0.11
2025/7/6 6:06,0.109
2025/7/6 6:09,0.11
2025/7/6 6:12,0.112
2025/7/6 6:15,0.112
2025/7/6 6:18,0.103
2025/7/6 6:21,0.088
2025/7/6 6:24,0.078
2025/7/6 6:27,0.074
2025/7/6 6:30,0.08
2025/7/6 6:33,0.091
2025/7/6 6:36,0.098
2025/7/6 6:39,0.105
2025/7/6 6:42,0.105
2025/7/6 6:45,0.1
2025/7/6 6:48,0.102
2025/7/6 6:51,0.102
2025/7/6 6:54,0.102
2025/7/6 6:57,0.096
2025/7/6 7:00,0.093
2025/7/6 7:03,0.083
2025/7/6 7:06,0.074
2025/7/6 7:09,0.069
2025/7/6 7:12,0.066
2025/7/6 7:15,0.064
2025/7/6 7:18,0.065
2025/7/6 7:21,0.064
2025/7/6 7:24,0.063
2025/7/6 7:27,0.067
2025/7/6 7:30,0.076
2025/7/6 7:33,0.081
2025/7/6 7:36,0.079
2025/7/6 7:39,0.073
2025/7/6 7:42,0.07
2025/7/6 7:45,0.063
2025/7/6 7:48,0.055
2025/7/6 7:51,0.052
2025/7/6 7:54,0.052
2025/7/6 7:57,0.048
2025/7/6 8:00,0.048
2025/7/6 8:03,0.047
2025/7/6 8:06,0.048
2025/7/6 8:09,0.047
2025/7/6 8:12,0.044
2025/7/6 8:15,0.047
2025/7/6 8:18,0.05
2025/7/6 8:21,0.045
2025/7/6 8:24,0.041
2025/7/6 8:27,0.04
2025/7/6 8:30,0.037
2025/7/6 8:33,0.034
2025/7/6 8:36,0.036
2025/7/6 8:39,0.038
2025/7/6 8:42,0.034
2025/7/6 8:45,0.034
2025/7/6 8:48,0.03
2025/7/6 8:51,0.021
2025/7/6 8:54,0.008
2025/7/6 8:57,0.006
2025/7/6 9:00,0.014
2025/7/6 9:03,0.022
2025/7/6 9:06,0.019
2025/7/6 9:09,0.017
2025/7/6 9:12,0.013
2025/7/6 9:15,0.009
2025/7/6 9:18,0.008
2025/7/6 9:21,0.007
2025/7/6 9:24,0
2025/7/6 9:27,-0.005
2025/7/6 9:30,-0.004
2025/7/6 9:33,0.001
2025/7/6 9:36,0.001
2025/7/6 9:39,-0.004
2025/7/6 9:42,0.001
2025/7/6 9:45,0.005
2025/7/6 9:48,0.001
2025/7/6 9:51,-0.008
2025/7/6 9:54,-0.014
2025/7/6 9:57,-0.015
2025/7/6 10:00,-0.013
2025/7/6 10:03,-0.009
2025/7/6 10:06,-0.005
2025/7/6 10:09,-0.002
2025/7/6 10:12,-0.004
2025/7/6 10:15,-0.012
2025/7/6 10:18,-0.024
2025/7/6 10:21,-0.03
2025/7/6 10:24,-0.03
2025/7/6 10:27,-0.024
2025/7/6 10:30,-0.015
2025/7/6 10:33,-0.007
2025/7/6 10:36,-0.002
2025/7/6 10:39,-0.005
2025/7/6 10:42,-0.011
2025/7/6 10:45,-0.02
2025/7/6 10:48,-0.029
2025/7/6 10:51,-0.031
2025/7/6 10:54,-0.029
2025/7/6 10:57,-0.03
2025/7/6 11:00,-0.027
2025/7/6 11:03,-0.019
2025/7/6 11:06,-0.017
2025/7/6 11:09,-0.014
2025/7/6 11:12,-0.01
2025/7/6 11:15,-0.009
2025/7/6 11:18,-0.012
2025/7/6 11:21,-0.018
2025/7/6 11:24,-0.023
2025/7/6 11:27,-0.029
2025/7/6 11:30,-0.034
2025/7/6 11:33,-0.035
2025/7/6 11:36,-0.036
2025/7/6 11:39,-0.035
2025/7/6 11:42,-0.032
2025/7/6 11:45,-0.029
2025/7/6 11:48,-0.03
2025/7/6 11:51,-0.031
2025/7/6 11:54,-0.028
2025/7/6 11:57,-0.021
2025/7/6 12:00,-0.015
2025/7/6 12:03,-0.01
2025/7/6 12:06,-0.01
2025/7/6 12:09,-0.019
2025/7/6 12:12,-0.024
2025/7/6 12:15,-0.026
2025/7/6 12:18,-0.026
2025/7/6 12:21,-0.03
2025/7/6 12:24,-0.033
2025/7/6 12:27,-0.03
2025/7/6 12:30,-0.024
2025/7/6 12:33,-0.017
2025/7/6 12:36,-0.013
2025/7/6 12:39,-0.017
2025/7/6 12:42,-0.018
2025/7/6 12:45,-0.014
2025/7/6 12:48,-0.014
2025/7/6 12:51,-0.013
2025/7/6 12:54,-0.013
2025/7/6 12:57,-0.011
2025/7/6 13:00,-0.01
2025/7/6 13:03,-0.01
2025/7/6 13:06,-0.008
2025/7/6 13:09,-0.008
2025/7/6 13:12,-0.006
2025/7/6 13:15,-0.008
2025/7/6 13:18,-0.009
2025/7/6 13:21,-0.012
2025/7/6 13:24,-0.01
2025/7/6 13:27,-0.003
2025/7/6 13:30,0.002
2025/7/6 13:33,0.006
2025/7/6 13:36,0.012
2025/7/6 13:39,0.015
2025/7/6 13:42,0.013
2025/7/6 13:45,0.014
2025/7/6 13:48,0.014
2025/7/6 13:51,0.011
2025/7/6 13:54,0.007
2025/7/6 13:57,0.01
2025/7/6 14:00,0.012
2025/7/6 14:03,0.012
2025/7/6 14:06,0.01
2025/7/6 14:09,0.013
2025/7/6 14:12,0.018
2025/7/6 14:15,0.028
2025/7/6 14:18,0.033
2025/7/6 14:21,0.039
2025/7/6 14:24,0.041
2025/7/6 14:27,0.04
2025/7/6 14:30,0.042
2025/7/6 14:33,0.049
2025/7/6 14:36,0.049
2025/7/6 14:39,0.048
2025/7/6 14:42,0.045
2025/7/6 14:45,0.043
2025/7/6 14:48,0.045
2025/7/6 14:51,0.048
2025/7/6 14:54,0.049
2025/7/6 14:57,0.048
2025/7/6 15:00,0.047
2025/7/6 15:03,0.049
2025/7/6 15:06,0.052
2025/7/6 15:09,0.054
2025/7/6 15:12,0.056
2025/7/6 15:15,0.061
2025/7/6 15:18,0.071
2025/7/6 15:21,0.077
2025/7/6 15:24,0.08
2025/7/6 15:27,0.081
2025/7/6 15:30,0.083
2025/7/6 15:33,0.082
2025/7/6 15:36,0.081
2025/7/6 15:39,0.078
2025/7/6 15:42,0.082
2025/7/6 15:45,0.087
2025/7/6 15:48,0.089
2025/7/6 15:51,0.091
2025/7/6 15:54,0.092
2025/7/6 15:57,0.089
2025/7/6 16:00,0.09
2025/7/6 16:03,0.089
2025/7/6 16:06,0.092
2025/7/6 16:09,0.098
2025/7/6 16:12,0.108
2025/7/6 16:15,0.116
2025/7/6 16:18,0.119
2025/7/6 16:21,0.12
2025/7/6 16:24,0.118
2025/7/6 16:27,0.113
2025/7/6 16:30,0.108
2025/7/6 16:33,0.111
2025/7/6 16:36,0.113
2025/7/6 16:39,0.114
2025/7/6 16:42,0.121
2025/7/6 16:45,0.124
2025/7/6 16:48,0.12
2025/7/6 16:51,0.116
2025/7/6 16:54,0.118
2025/7/6 16:57,0.122
2025/7/6 17:00,0.127
2025/7/6 17:03,0.134
2025/7/6 17:06,0.138
2025/7/6 17:09,0.144
2025/7/6 17:12,0.15
2025/7/6 17:15,0.155
2025/7/6 17:18,0.157
2025/7/6 17:21,0.156
2025/7/6 17:24,0.154
2025/7/6 17:27,0.148
2025/7/6 17:30,0.147
2025/7/6 17:33,0.144
2025/7/6 17:36,0.144
2025/7/6 17:39,0.15
2025/7/6 17:42,0.159
2025/7/6 17:45,0.16
2025/7/6 17:48,0.156
2025/7/6 17:51,0.155
2025/7/6 17:54,0.156
2025/7/6 17:57,0.155
2025/7/6 18:00,0.146
2025/7/6 18:03,0.141
2025/7/6 18:06,0.138
2025/7/6 18:09,0.14
2025/7/6 18:12,0.145
2025/7/6 18:15,0.153
2025/7/6 18:18,0.165
2025/7/6 18:21,0.171
2025/7/6 18:24,0.169
2025/7/6 18:27,0.167
2025/7/6 18:30,0.165
2025/7/6 18:33,0.166
2025/7/6 18:36,0.173
2025/7/6 18:39,0.173
2025/7/6 18:42,0.172
2025/7/6 18:45,0.17
2025/7/6 18:48,0.165
2025/7/6 18:51,0.156
2025/7/6 18:54,0.146
2025/7/6 18:57,0.139
2025/7/6 19:00,0.142
2025/7/6 19:03,0.152
2025/7/6 19:06,0.162
2025/7/6 19:09,0.172
2025/7/6 19:12,0.181
2025/7/6 19:15,0.181
2025/7/6 19:18,0.175
2025/7/6 19:21,0.166
2025/7/6 19:24,0.16
2025/7/6 19:27,0.152
2025/7/6 19:30,0.147
2025/7/6 19:33,0.144
2025/7/6 19:36,0.143
2025/7/6 19:39,0.142
2025/7/6 19:42,0.142
2025/7/6 19:45,0.14
2025/7/6 19:48,0.136
2025/7/6 19:51,0.136
2025/7/6 19:54,0.141
2025/7/6 19:57,0.148
2025/7/6 20:00,0.15
2025/7/6 20:03,0.149
2025/7/6 20:06,0.151
2025/7/6 20:09,0.148
2025/7/6 20:12,0.143
2025/7/6 20:15,0.14
2025/7/6 20:18,0.14
2025/7/6 20:21,0.134
2025/7/6 20:24,0.124
2025/7/6 20:27,0.116
2025/7/6 20:30,0.112
2025/7/6 20:33,0.108
2025/7/6 20:36,0.112
2025/7/6 20:39,0.118
2025/7/6 20:42,0.121
2025/7/6 20:45,0.123
2025/7/6 20:48,0.121
2025/7/6 20:51,0.114
2025/7/6 20:54,0.115
2025/7/6 20:57,0.114
2025/7/6 21:00,0.119
2025/7/6 21:03,0.129
2025/7/6 21:06,0.132
2025/7/6 21:09,0.119
2025/7/6 21:12,0.101
2025/7/6 21:15,0.09
2025/7/6 21:18,0.081
2025/7/6 21:21,0.073
2025/7/6 21:24,0.075
2025/7/6 21:27,0.089
2025/7/6 21:30,0.103
2025/7/6 21:33,0.111
2025/7/6 21:36,0.116
2025/7/6 21:39,0.113
2025/7/6 21:42,0.101
2025/7/6 21:45,0.095
2025/7/6 21:48,0.093
2025/7/6 21:51,0.087
2025/7/6 21:54,0.08
2025/7/6 21:57,0.083
2025/7/6 22:00,0.082
2025/7/6 22:03,0.073
2025/7/6 22:06,0.068
2025/7/6 22:09,0.066
2025/7/6 22:12,0.054
2025/7/6 22:15,0.048
2025/7/6 22:18,0.05
2025/7/6 22:21,0.057
2025/7/6 22:24,0.066
2025/7/6 22:27,0.073
2025/7/6 22:30,0.079
2025/7/6 22:33,0.074
2025/7/6 22:36,0.069
2025/7/6 22:39,0.062
2025/7/6 22:42,0.061
2025/7/6 22:45,0.064
2025/7/6 22:48,0.068
2025/7/6 22:51,0.072
2025/7/6 22:54,0.071
2025/7/6 22:57,0.058
2025/7/6 23:00,0.042
2025/7/6 23:03,0.037
2025/7/6 23:06,0.039
2025/7/6 23:09,0.043
2025/7/6 23:12,0.048
2025/7/6 23:15,0.055
2025/7/6 23:18,0.057
2025/7/6 23:21,0.053
2025/7/6 23:24,0.053
2025/7/6 23:27,0.056
2025/7/6 23:30,0.057
2025/7/6 23:33,0.06
2025/7/6 23:36,0.067
2025/7/6 23:39,0.067
2025/7/6 23:42,0.058
2025/7/6 23:45,0.049
2025/7/6 23:48,0.041
2025/7/6 23:51,0.028
2025/7/6 23:54,0.022
2025/7/6 23:57,0.028
2025/7/7 0:00,0.032
2025/7/7 0:03,0.035
2025/7/7 0:06,0.041
2025/7/7 0:09,0.045
2025/7/7 0:12,0.044
2025/7/7 0:15,0.042
2025/7/7 0:18,0.048
2025/7/7 0:21,0.056
2025/7/7 0:24,0.056
2025/7/7 0:27,0.063
2025/7/7 0:30,0.065
2025/7/7 0:33,0.053
2025/7/7 0:36,0.039
2025/7/7 0:39,0.029
2025/7/7 0:42,0.026
2025/7/7 0:45,0.026
2025/7/7 0:48,0.03
2025/7/7 0:51,0.034
2025/7/7 0:54,0.037
2025/7/7 0:57,0.041
2025/7/7 1:00,0.049
2025/7/7 1:03,0.055
2025/7/7 1:06,0.055
2025/7/7 1:09,0.053
2025/7/7 1:12,0.051
2025/7/7 1:15,0.047
2025/7/7 1:18,0.046
2025/7/7 1:21,0.044
2025/7/7 1:24,0.047
2025/7/7 1:27,0.057
2025/7/7 1:30,0.066
2025/7/7 1:33,0.069
2025/7/7 1:36,0.074
2025/7/7 1:39,0.07
2025/7/7 1:42,0.058
2025/7/7 1:45,0.05
2025/7/7 1:48,0.051
2025/7/7 1:51,0.052
2025/7/7 1:54,0.058
2025/7/7 1:57,0.061
2025/7/7 2:00,0.065
2025/7/7 2:03,0.063
2025/7/7 2:06,0.06
2025/7/7 2:09,0.067
2025/7/7 2:12,0.07
2025/7/7 2:15,0.07
2025/7/7 2:18,0.072
2025/7/7 2:21,0.072
2025/7/7 2:24,0.073
2025/7/7 2:27,0.076
2025/7/7 2:30,0.082
2025/7/7 2:33,0.084
2025/7/7 2:36,0.088
2025/7/7 2:39,0.09
2025/7/7 2:42,0.09
2025/7/7 2:45,0.086
2025/7/7 2:48,0.081
2025/7/7 2:51,0.075
2025/7/7 2:54,0.079
2025/7/7 2:57,0.082
2025/7/7 3:00,0.08
2025/7/7 3:03,0.087
2025/7/7 3:06,0.098
2025/7/7 3:09,0.109
2025/7/7 3:12,0.109
2025/7/7 3:15,0.101
2025/7/7 3:18,0.095
2025/7/7 3:21,0.094
2025/7/7 3:24,0.085
2025/7/7 3:27,0.082
2025/7/7 3:30,0.088
2025/7/7 3:33,0.097
2025/7/7 3:36,0.11
2025/7/7 3:39,0.116
2025/7/7 3:42,0.113
2025/7/7 3:45,0.103
2025/7/7 3:48,0.102
2025/7/7 3:51,0.1
2025/7/7 3:54,0.097
2025/7/7 3:57,0.098
2025/7/7 4:00,0.104
2025/7/7 4:03,0.11
2025/7/7 4:06,0.117
2025/7/7 4:09,0.122
2025/7/7 4:12,0.122
2025/7/7 4:15,0.114
2025/7/7 4:18,0.112
2025/7/7 4:21,0.109
2025/7/7 4:24,0.112
2025/7/7 4:27,0.12
2025/7/7 4:30,0.126
2025/7/7 4:33,0.128
2025/7/7 4:36,0.126
2025/7/7 4:39,0.12
2025/7/7 4:42,0.113
2025/7/7 4:45,0.111
2025/7/7 4:48,0.111
2025/7/7 4:51,0.118
2025/7/7 4:54,0.127
2025/7/7 4:57,0.132
2025/7/7 5:00,0.131
2025/7/7 5:03,0.129
2025/7/7 5:06,0.127
2025/7/7 5:09,0.132
2025/7/7 5:12,0.131
2025/7/7 5:15,0.127
2025/7/7 5:18,0.125
2025/7/7 5:21,0.123
2025/7/7 5:24,0.125
2025/7/7 5:27,0.121
2025/7/7 5:30,0.119
2025/7/7 5:33,0.12
2025/7/7 5:36,0.122
2025/7/7 5:39,0.127
2025/7/7 5:42,0.13
2025/7/7 5:45,0.134
2025/7/7 5:48,0.137
2025/7/7 5:51,0.138
2025/7/7 5:54,0.133
2025/7/7 5:57,0.129
2025/7/7 6:00,0.124
2025/7/7 6:03,0.122
2025/7/7 6:06,0.12
2025/7/7 6:09,0.119
2025/7/7 6:12,0.119
2025/7/7 6:15,0.121
2025/7/7 6:18,0.121
2025/7/7 6:21,0.128
2025/7/7 6:24,0.136
2025/7/7 6:27,0.134
2025/7/7 6:30,0.124
2025/7/7 6:33,0.121
2025/7/7 6:36,0.122
2025/7/7 6:39,0.127
2025/7/7 6:42,0.13
2025/7/7 6:45,0.13
2025/7/7 6:48,0.119
2025/7/7 6:51,0.104
2025/7/7 6:54,0.106
2025/7/7 6:57,0.111
2025/7/7 7:00,0.112
2025/7/7 7:03,0.112
2025/7/7 7:06,0.109
2025/7/7 7:09,0.103
2025/7/7 7:12,0.104
2025/7/7 7:15,0.109
2025/7/7 7:18,0.116
2025/7/7 7:21,0.119
2025/7/7 7:24,0.116
2025/7/7 7:27,0.111
2025/7/7 7:30,0.111
2025/7/7 7:33,0.103
2025/7/7 7:36,0.105
2025/7/7 7:39,0.1
2025/7/7 7:42,0.095
2025/7/7 7:45,0.091
2025/7/7 7:48,0.089
2025/7/7 7:51,0.082
2025/7/7 7:54,0.073
2025/7/7 7:57,0.065
2025/7/7 8:00,0.068
2025/7/7 8:03,0.076
2025/7/7 8:06,0.086
2025/7/7 8:09,0.093
2025/7/7 8:12,0.098
2025/7/7 8:15,0.095
2025/7/7 8:18,0.086
2025/7/7 8:21,0.08
2025/7/7 8:24,0.069
2025/7/7 8:27,0.059
2025/7/7 8:30,0.064
2025/7/7 8:33,0.068
2025/7/7 8:36,0.075
2025/7/7 8:39,0.081
2025/7/7 8:42,0.08
2025/7/7 8:45,0.067
2025/7/7 8:48,0.051
2025/7/7 8:51,0.04
2025/7/7 8:54,0.035
2025/7/7 8:57,0.038
2025/7/7 9:00,0.045
2025/7/7 9:03,0.049
2025/7/7 9:06,0.054
2025/7/7 9:09,0.051
2025/7/7 9:12,0.05
2025/7/7 9:15,0.051
2025/7/7 9:18,0.038
2025/7/7 9:21,0.025
2025/7/7 9:24,0.031
2025/7/7 9:27,0.041
2025/7/7 9:30,0.038
2025/7/7 9:33,0.034
2025/7/7 9:36,0.026
2025/7/7 9:39,0.016
2025/7/7 9:42,0.007
2025/7/7 9:45,0.004
2025/7/7 9:48,0.008
2025/7/7 9:51,0.01
2025/7/7 9:54,0.016
2025/7/7 9:57,0.018
2025/7/7 10:00,0.015
2025/7/7 10:03,0.009
2025/7/7 10:06,0.013
2025/7/7 10:09,0.019
2025/7/7 10:12,0.017
2025/7/7 10:15,0.014
2025/7/7 10:18,0.011
2025/7/7 10:21,0.017
2025/7/7 10:24,0.019
2025/7/7 10:27,0.015
2025/7/7 10:30,0.006
2025/7/7 10:33,-0.006
2025/7/7 10:36,-0.014
2025/7/7 10:39,-0.023
2025/7/7 10:42,-0.032
2025/7/7 10:45,-0.031
2025/7/7 10:48,-0.025
2025/7/7 10:51,-0.016
2025/7/7 10:54,-0.006
2025/7/7 10:57,-0.005
2025/7/7 11:00,-0.005
2025/7/7 11:03,-0.009
2025/7/7 11:06,-0.018
2025/7/7 11:09,-0.027
2025/7/7 11:12,-0.025
2025/7/7 11:15,-0.02
2025/7/7 11:18,-0.018
2025/7/7 11:21,-0.009
2025/7/7 11:24,[10]
2025/7/7 11:27,-0.015
2025/7/7 11:30,-0.024
2025/7/7 11:33,-0.021
2025/7/7 11:36,-0.029
2025/7/7 11:39,-0.031
2025/7/7 11:42,-0.026
2025/7/7 11:45,-0.027
2025/7/7 11:48,-0.032
2025/7/7 11:51,-0.036
2025/7/7 11:54,-0.031
2025/7/7 11:57,-0.03
2025/7/7 12:00,-0.021
2025/7/7 12:03,-0.018
2025/7/7 12:06,-0.012
2025/7/7 12:09,-0.017
2025/7/7 12:12,-0.025
2025/7/7 12:15,-0.029
2025/7/7 12:18,-0.034
2025/7/7 12:21,[10]
2025/7/7 12:24,-0.032
2025/7/7 12:27,-0.026
2025/7/7 12:30,-0.036
2025/7/7 12:33,-0.036
2025/7/7 12:36,-0.032
2025/7/7 12:39,-0.028
2025/7/7 12:42,-0.034
2025/7/7 12:45,-0.04
2025/7/7 12:48,-0.041
2025/7/7 12:51,-0.042
2025/7/7 12:54,-0.037
2025/7/7 12:57,-0.028
2025/7/7 13:00,-0.023
2025/7/7 13:03,-0.018
2025/7/7 13:06,-0.017
2025/7/7 13:09,-0.011
2025/7/7 13:12,-0.017
2025/7/7 13:15,-0.022
2025/7/7 13:18,-0.021
2025/7/7 13:21,-0.018
2025/7/7 13:24,-0.017
2025/7/7 13:27,-0.016
2025/7/7 13:30,-0.017
2025/7/7 13:33,-0.01
2025/7/7 13:36,-0.006
2025/7/7 13:39,0.002
2025/7/7 13:42,0
2025/7/7 13:45,-0.014
2025/7/7 13:48,-0.018
2025/7/7 13:51,-0.025
2025/7/7 13:54,-0.031
2025/7/7 13:57,-0.026
2025/7/7 14:00,-0.015
2025/7/7 14:03,-0.001
2025/7/7 14:06,0.006
2025/7/7 14:09,0.003
2025/7/7 14:12,-0.006
2025/7/7 14:15,-0.014
2025/7/7 14:18,-0.01
2025/7/7 14:21,0.001
2025/7/7 14:24,0.012
2025/7/7 14:27,0.025
2025/7/7 14:30,0.029
2025/7/7 14:33,0.032
2025/7/7 14:36,0.025
2025/7/7 14:39,0.011
2025/7/7 14:42,0
2025/7/7 14:45,0.004
2025/7/7 14:48,0.015
2025/7/7 14:51,0.029
2025/7/7 14:54,0.033
2025/7/7 14:57,0.03
2025/7/7 15:00,0.022
2025/7/7 15:03,0.023
2025/7/7 15:06,0.036
2025/7/7 15:09,0.042
2025/7/7 15:12,0.05
2025/7/7 15:15,0.052
2025/7/7 15:18,0.05
2025/7/7 15:21,0.053
2025/7/7 15:24,0.047
2025/7/7 15:27,0.036
2025/7/7 15:30,0.032
2025/7/7 15:33,0.037
2025/7/7 15:36,0.038
2025/7/7 15:39,0.046
2025/7/7 15:42,0.062
2025/7/7 15:45,0.06
2025/7/7 15:48,0.052
2025/7/7 15:51,0.061
2025/7/7 15:54,0.068
2025/7/7 15:57,0.066
2025/7/7 16:00,0.067
2025/7/7 16:03,0.067
2025/7/7 16:06,0.079
2025/7/7 16:09,0.09
2025/7/7 16:12,0.101
2025/7/7 16:15,0.102
2025/7/7 16:18,0.096
2025/7/7 16:21,0.086
2025/7/7 16:24,0.079
2025/7/7 16:27,0.076
2025/7/7 16:30,0.088
2025/7/7 16:33,0.094
2025/7/7 16:36,0.1
2025/7/7 16:39,0.101
2025/7/7 16:42,0.104
2025/7/7 16:45,0.109
2025/7/7 16:48,0.114
2025/7/7 16:51,0.124
2025/7/7 16:54,0.124
2025/7/7 16:57,0.119
2025/7/7 17:00,0.11
2025/7/7 17:03,0.11
2025/7/7 17:06,0.115
2025/7/7 17:09,0.122
2025/7/7 17:12,0.125
2025/7/7 17:15,0.138
2025/7/7 17:18,0.14
2025/7/7 17:21,0.146
2025/7/7 17:24,0.137
2025/7/7 17:27,0.144
2025/7/7 17:30,0.149
2025/7/7 17:33,0.157
2025/7/7 17:36,0.168
2025/7/7 17:39,0.174
2025/7/7 17:42,0.175
2025/7/7 17:45,0.167
2025/7/7 17:48,0.164
2025/7/7 17:51,0.161
2025/7/7 17:54,0.167
2025/7/7 17:57,0.169
2025/7/7 18:00,0.173
2025/7/7 18:03,0.168
2025/7/7 18:06,0.164
2025/7/7 18:09,0.155
2025/7/7 18:12,0.155
2025/7/7 18:15,0.154
2025/7/7 18:18,0.155
2025/7/7 18:21,0.167
2025/7/7 18:24,0.178
2025/7/7 18:27,0.186
2025/7/7 18:30,0.19
2025/7/7 18:33,0.185
2025/7/7 18:36,0.181
2025/7/7 18:39,0.189
2025/7/7 18:42,0.188
2025/7/7 18:45,0.19
2025/7/7 18:48,0.19
2025/7/7 18:51,0.191
2025/7/7 18:54,0.191
2025/7/7 18:57,0.191
2025/7/7 19:00,0.196
2025/7/7 19:03,0.194
2025/7/7 19:06,0.197
2025/7/7 19:09,0.194
2025/7/7 19:12,0.186
2025/7/7 19:15,0.176
2025/7/7 19:18,0.179
2025/7/7 19:21,0.188
2025/7/7 19:24,0.196
2025/7/7 19:27,0.2
2025/7/7 19:30,0.207
2025/7/7 19:33,0.203
2025/7/7 19:36,0.187
2025/7/7 19:39,0.18
2025/7/7 19:42,0.18
2025/7/7 19:45,0.189
2025/7/7 19:48,0.197
2025/7/7 19:51,0.198
2025/7/7 19:54,0.191
2025/7/7 19:57,0.196
2025/7/7 20:00,0.191
2025/7/7 20:03,0.183
2025/7/7 20:06,0.183
2025/7/7 20:09,0.181
2025/7/7 20:12,0.18
2025/7/7 20:15,0.182
2025/7/7 20:18,0.187
2025/7/7 20:21,0.193
2025/7/7 20:24,0.201
2025/7/7 20:27,0.212
2025/7/7 20:30,0.207
2025/7/7 20:33,0.196
2025/7/7 20:36,0.18
2025/7/7 20:39,0.167
2025/7/7 20:42,0.164
2025/7/7 20:45,0.167
2025/7/7 20:48,0.164
2025/7/7 20:51,0.158
2025/7/7 20:54,0.154
2025/7/7 20:57,0.158
2025/7/7 21:00,0.162
2025/7/7 21:03,0.158
2025/7/7 21:06,0.164
2025/7/7 21:09,0.169
2025/7/7 21:12,0.167
2025/7/7 21:15,0.162
2025/7/7 21:18,0.155
2025/7/7 21:21,0.151
2025/7/7 21:24,0.147
2025/7/7 21:27,0.146
2025/7/7 21:30,0.14
2025/7/7 21:33,0.138
2025/7/7 21:36,0.116
2025/7/7 21:39,0.107
2025/7/7 21:42,0.113
2025/7/7 21:45,0.125
2025/7/7 21:48,0.136
2025/7/7 21:51,0.142
2025/7/7 21:54,0.125
2025/7/7 21:57,0.12
2025/7/7 22:00,0.127
2025/7/7 22:03,0.135
2025/7/7 22:06,0.13
2025/7/7 22:09,0.131
2025/7/7 22:12,0.124
2025/7/7 22:15,0.114
2025/7/7 22:18,0.099
2025/7/7 22:21,0.084
2025/7/7 22:24,0.076
2025/7/7 22:27,0.078
2025/7/7 22:30,0.085
2025/7/7 22:33,0.089
2025/7/7 22:36,0.098
2025/7/7 22:39,0.099
2025/7/7 22:42,0.098
2025/7/7 22:45,0.099
2025/7/7 22:48,0.099
2025/7/7 22:51,0.099
2025/7/7 22:54,0.095
2025/7/7 22:57,0.091
2025/7/7 23:00,0.083
2025/7/7 23:03,0.082
2025/7/7 23:06,0.075
2025/7/7 23:09,0.067
2025/7/7 23:12,0.061
2025/7/7 23:15,0.046
2025/7/7 23:18,0.049
2025/7/7 23:21,0.051
2025/7/7 23:24,0.055
2025/7/7 23:27,0.06
2025/7/7 23:30,0.072
2025/7/7 23:33,0.077
2025/7/7 23:36,0.08
2025/7/7 23:39,0.08
2025/7/7 23:42,0.061
2025/7/7 23:45,0.051
2025/7/7 23:48,0.047
2025/7/7 23:51,0.053
2025/7/7 23:54,0.051
2025/7/7 23:57,0.059
2025/7/8 0:00,0.053
2025/7/8 0:03,0.05
2025/7/8 0:06,0.045
2025/7/8 0:09,0.03
2025/7/8 0:12,0.029
2025/7/8 0:15,0.036
2025/7/8 0:18,0.04
2025/7/8 0:21,0.051
2025/7/8 0:24,0.046
2025/7/8 0:27,0.041
2025/7/8 0:30,0.035
2025/7/8 0:33,0.033
2025/7/8 0:36,0.028
2025/7/8 0:39,0.031
2025/7/8 0:42,0.03
2025/7/8 0:45,0.033
2025/7/8 0:48,0.029
2025/7/8 0:51,0.028
2025/7/8 0:54,0.034
2025/7/8 0:57,0.044
2025/7/8 1:00,0.05
2025/7/8 1:03,0.056
2025/7/8 1:06,0.034
2025/7/8 1:09,0.023
2025/7/8 1:12,0.024
2025/7/8 1:15,0.028
2025/7/8 1:18,0.029
2025/7/8 1:21,0.026
2025/7/8 1:24,0.032
2025/7/8 1:27,0.035
2025/7/8 1:30,0.032
2025/7/8 1:33,0.043
2025/7/8 1:36,0.038
2025/7/8 1:39,0.049
2025/7/8 1:42,0.036
2025/7/8 1:45,0.025
2025/7/8 1:48,0.019
2025/7/8 1:51,0.024
2025/7/8 1:54,0.025
2025/7/8 1:57,0.033
2025/7/8 2:00,0.048
2025/7/8 2:03,0.048
2025/7/8 2:06,0.05
2025/7/8 2:09,0.046
2025/7/8 2:12,0.041
2025/7/8 2:15,0.027
2025/7/8 2:18,0.041
2025/7/8 2:21,0.059
2025/7/8 2:24,0.062
2025/7/8 2:27,0.068
2025/7/8 2:30,0.07
2025/7/8 2:33,0.067
2025/7/8 2:36,0.052
2025/7/8 2:39,0.042
2025/7/8 2:42,0.048
2025/7/8 2:45,0.033
2025/7/8 2:48,0.046
2025/7/8 2:51,0.06
2025/7/8 2:54,0.069
2025/7/8 2:57,0.061
2025/7/8 3:00,0.058
2025/7/8 3:03,0.054
2025/7/8 3:06,0.054
2025/7/8 3:09,0.059
2025/7/8 3:12,0.079
2025/7/8 3:15,0.08
2025/7/8 3:18,0.093
2025/7/8 3:21,0.092
2025/7/8 3:24,0.099
2025/7/8 3:27,0.091
2025/7/8 3:30,0.069
2025/7/8 3:33,0.059
2025/7/8 3:36,0.071
2025/7/8 3:39,0.073
2025/7/8 3:42,0.078
2025/7/8 3:45,0.082
2025/7/8 3:48,0.088
2025/7/8 3:51,0.097
2025/7/8 3:54,0.104
2025/7/8 3:57,0.116
2025/7/8 4:00,0.108
2025/7/8 4:03,0.094
2025/7/8 4:06,0.093
2025/7/8 4:09,0.09
2025/7/8 4:12,0.092
2025/7/8 4:15,0.106
2025/7/8 4:18,0.109
2025/7/8 4:21,0.119
2025/7/8 4:24,0.129
2025/7/8 4:27,0.117
2025/7/8 4:30,0.105
2025/7/8 4:33,0.096
2025/7/8 4:36,0.083
2025/7/8 4:39,0.092
2025/7/8 4:42,0.104
2025/7/8 4:45,0.123
2025/7/8 4:48,0.129
2025/7/8 4:51,0.132
2025/7/8 4:54,0.132
2025/7/8 4:57,0.134
2025/7/8 5:00,0.134
2025/7/8 5:03,0.13
2025/7/8 5:06,0.113
2025/7/8 5:09,0.109
2025/7/8 5:12,0.122
2025/7/8 5:15,0.113
2025/7/8 5:18,0.126
2025/7/8 5:21,0.132
2025/7/8 5:24,0.134
2025/7/8 5:27,0.133
2025/7/8 5:30,0.13
2025/7/8 5:33,0.131
2025/7/8 5:36,0.129
2025/7/8 5:39,0.135
2025/7/8 5:42,0.145
2025/7/8 5:45,0.14
2025/7/8 5:48,0.137
2025/7/8 5:51,0.132
2025/7/8 5:54,0.118
2025/7/8 5:57,0.132
2025/7/8 6:00,0.129
2025/7/8 6:03,0.133
2025/7/8 6:06,0.133
2025/7/8 6:09,0.13
2025/7/8 6:12,0.13
2025/7/8 6:15,0.126
2025/7/8 6:18,0.129
2025/7/8 6:21,0.14
2025/7/8 6:24,0.141
2025/7/8 6:27,0.161
2025/7/8 6:30,0.164
2025/7/8 6:33,0.163
2025/7/8 6:36,0.147
2025/7/8 6:39,0.136
2025/7/8 6:42,0.129
2025/7/8 6:45,0.141
2025/7/8 6:48,0.142
2025/7/8 6:51,0.146
2025/7/8 6:54,0.135
2025/7/8 6:57,0.14
2025/7/8 7:00,0.133
2025/7/8 7:03,0.13
2025/7/8 7:06,0.136
2025/7/8 7:09,0.14
2025/7/8 7:12,0.141
2025/7/8 7:15,0.128
2025/7/8 7:18,0.125
2025/7/8 7:21,0.112
2025/7/8 7:24,0.108
2025/7/8 7:27,0.116
2025/7/8 7:30,0.123
2025/7/8 7:33,0.134
2025/7/8 7:36,0.137
2025/7/8 7:39,0.138
2025/7/8 7:42,0.131
2025/7/8 7:45,0.122
2025/7/8 7:48,0.118
2025/7/8 7:51,0.124
2025/7/8 7:54,0.107
2025/7/8 7:57,0.106
2025/7/8 8:00,0.109
2025/7/8 8:03,0.112
2025/7/8 8:06,0.107
2025/7/8 8:09,0.104
2025/7/8 8:12,0.102
2025/7/8 8:15,0.107
2025/7/8 8:18,0.122
2025/7/8 8:21,0.13
2025/7/8 8:24,0.117
2025/7/8 8:27,0.114
2025/7/8 8:30,0.105
2025/7/8 8:33,0.098
2025/7/8 8:36,0.089
2025/7/8 8:39,0.09
2025/7/8 8:42,0.089
2025/7/8 8:45,0.09
2025/7/8 8:48,0.081
2025/7/8 8:51,0.093
2025/7/8 8:54,0.086
2025/7/8 8:57,0.083
2025/7/8 9:00,0.085
2025/7/8 9:03,0.074
2025/7/8 9:06,0.083
2025/7/8 9:09,0.093
2025/7/8 9:12,0.089
2025/7/8 9:15,0.091
2025/7/8 9:18,0.089
2025/7/8 9:21,0.081
2025/7/8 9:24,0.075
2025/7/8 9:27,0.063
2025/7/8 9:30,0.053
2025/7/8 9:33,0.034
2025/7/8 9:36,0.04
2025/7/8 9:39,0.042
2025/7/8 9:42,0.046
2025/7/8 9:45,0.044
2025/7/8 9:48,0.058
2025/7/8 9:51,0.058
2025/7/8 9:54,0.061
2025/7/8 9:57,0.063
2025/7/8 10:00,0.057
2025/7/8 10:03,0.051
2025/7/8 10:06,0.044
2025/7/8 10:09,0.033
2025/7/8 10:12,0.025
2025/7/8 10:15,0.03
2025/7/8 10:18,0.028
2025/7/8 10:21,0.038
2025/7/8 10:24,0.037
2025/7/8 10:27,0.027
2025/7/8 10:30,0.018
2025/7/8 10:33,0.003
2025/7/8 10:36,0.014
2025/7/8 10:39,0.01
2025/7/8 10:42,0.021
2025/7/8 10:45,0.038
2025/7/8 10:48,0.041
2025/7/8 10:51,0.035
2025/7/8 10:54,0.026
2025/7/8 10:57,0.015
2025/7/8 11:00,-0.002
2025/7/8 11:03,-0.002
2025/7/8 11:06,-0.014
2025/7/8 11:09,-0.001
2025/7/8 11:12,-0.005
2025/7/8 11:15,0.007
2025/7/8 11:18,0.008
2025/7/8 11:21,-0.003
2025/7/8 11:24,0.001
2025/7/8 11:27,-0.017
2025/7/8 11:30,-0.012
2025/7/8 11:33,-0.012
2025/7/8 11:36,-0.002
2025/7/8 11:39,0.003
2025/7/8 11:42,-0.022
2025/7/8 11:45,-0.02
2025/7/8 11:48,-0.025
2025/7/8 11:51,-0.025
2025/7/8 11:54,-0.02
2025/7/8 11:57,-0.02
2025/7/8 12:00,-0.023
2025/7/8 12:03,-0.014
2025/7/8 12:06,-0.012
2025/7/8 12:09,-0.004
2025/7/8 12:12,-0.013
2025/7/8 12:15,-0.025
2025/7/8 12:18,-0.044
2025/7/8 12:21,-0.049
2025/7/8 12:24,-0.045
2025/7/8 12:27,-0.035
2025/7/8 12:30,-0.034
2025/7/8 12:33,-0.026
2025/7/8 12:36,-0.027
2025/7/8 12:39,-0.026
2025/7/8 12:42,-0.017
2025/7/8 12:45,-0.021
2025/7/8 12:48,-0.032
2025/7/8 12:51,-0.031
2025/7/8 12:54,-0.035
2025/7/8 12:57,-0.03
2025/7/8 13:00,-0.031
2025/7/8 13:03,-0.033
2025/7/8 13:06,-0.048
2025/7/8 13:09,-0.037
2025/7/8 13:12,-0.036
2025/7/8 13:15,-0.024
2025/7/8 13:18,-0.033
2025/7/8 13:21,-0.018
2025/7/8 13:24,-0.007
2025/7/8 13:27,-0.003
2025/7/8 13:30,-0.007
2025/7/8 13:33,-0.02
2025/7/8 13:36,-0.024
2025/7/8 13:39,-0.027
2025/7/8 13:42,-0.018
2025/7/8 13:45,-0.018
2025/7/8 13:48,-0.017
2025/7/8 13:51,-0.028
2025/7/8 13:54,-0.029
2025/7/8 13:57,-0.024
2025/7/8 14:00,-0.023
2025/7/8 14:03,-0.008
2025/7/8 14:06,0.002
2025/7/8 14:09,0.007
2025/7/8 14:12,0.015
2025/7/8 14:15,0.009
2025/7/8 14:18,0.008
2025/7/8 14:21,-0.012
2025/7/8 14:24,-0.008
2025/7/8 14:27,-0.007
2025/7/8 14:30,0
2025/7/8 14:33,-0.005
2025/7/8 14:36,-0.006
2025/7/8 14:39,0.001
2025/7/8 14:42,-0.001
2025/7/8 14:45,0.009
2025/7/8 14:48,0.018
2025/7/8 14:51,0.022
2025/7/8 14:54,0.03
2025/7/8 14:57,0.021
2025/7/8 15:00,0.028
2025/7/8 15:03,0.016
2025/7/8 15:06,0.011
2025/7/8 15:09,0.018
2025/7/8 15:12,0.026
2025/7/8 15:15,0.04
2025/7/8 15:18,0.043
2025/7/8 15:21,0.046
2025/7/8 15:24,0.042
2025/7/8 15:27,0.043
2025/7/8 15:30,0.046
2025/7/8 15:33,0.045
2025/7/8 15:36,0.057
2025/7/8 15:39,0.055
2025/7/8 15:42,0.065
2025/7/8 15:45,0.055
2025/7/8 15:48,0.062
2025/7/8 15:51,0.064
2025/7/8 15:54,0.069
2025/7/8 15:57,0.075
2025/7/8 16:00,0.074
2025/7/8 16:03,0.069
2025/7/8 16:06,0.069
2025/7/8 16:09,0.055
2025/7/8 16:12,0.063
2025/7/8 16:15,0.07
2025/7/8 16:18,0.088
2025/7/8 16:21,0.097
2025/7/8 16:24,0.1
2025/7/8 16:27,0.107
2025/7/8 16:30,0.105
2025/7/8 16:33,0.1
2025/7/8 16:36,0.105
2025/7/8 16:39,0.1
2025/7/8 16:42,0.095
2025/7/8 16:45,0.091
2025/7/8 16:48,0.086
2025/7/8 16:51,0.092
2025/7/8 16:54,0.107
2025/7/8 16:57,0.126
2025/7/8 17:00,0.143
2025/7/8 17:03,0.154
2025/7/8 17:06,0.147
2025/7/8 17:09,0.147
2025/7/8 17:12,0.136
2025/7/8 17:15,0.134
2025/7/8 17:18,0.138
2025/7/8 17:21,0.128
2025/7/8 17:24,0.133
2025/7/8 17:27,0.128
2025/7/8 17:30,0.123
2025/7/8 17:33,0.132
2025/7/8 17:36,0.145
2025/7/8 17:39,0.158
2025/7/8 17:42,0.169
2025/7/8 17:45,0.169
2025/7/8 17:48,0.172
2025/7/8 17:51,0.164
2025/7/8 17:54,0.161
2025/7/8 17:57,0.158
2025/7/8 18:00,0.162
2025/7/8 18:03,0.17
2025/7/8 18:06,0.163
2025/7/8 18:09,0.177
2025/7/8 18:12,0.183
2025/7/8 18:15,0.187
2025/7/8 18:18,0.183
2025/7/8 18:21,0.187
2025/7/8 18:24,0.187
2025/7/8 18:27,0.197
2025/7/8 18:30,0.199
2025/7/8 18:33,0.188
2025/7/8 18:36,0.18
2025/7/8 18:39,0.181
2025/7/8 18:42,0.191
2025/7/8 18:45,0.197
2025/7/8 18:48,0.205
2025/7/8 18:51,0.209
2025/7/8 18:54,0.197
2025/7/8 18:57,0.205
2025/7/8 19:00,0.202
2025/7/8 19:03,0.199
2025/7/8 19:06,0.207
2025/7/8 19:09,0.212
2025/7/8 19:12,0.212
2025/7/8 19:15,0.213
2025/7/8 19:18,0.206
2025/7/8 19:21,0.209
2025/7/8 19:24,0.204
2025/7/8 19:27,0.199
2025/7/8 19:30,0.199
2025/7/8 19:33,0.213
2025/7/8 19:36,0.234
2025/7/8 19:39,0.232
2025/7/8 19:42,0.224
2025/7/8 19:45,0.226
2025/7/8 19:48,0.234
2025/7/8 19:51,0.229
2025/7/8 19:54,0.225
2025/7/8 19:57,0.222
2025/7/8 20:00,0.214
2025/7/8 20:03,0.195
2025/7/8 20:06,0.189
2025/7/8 20:09,0.186
2025/7/8 20:12,0.186
2025/7/8 20:15,0.194
2025/7/8 20:18,0.209
2025/7/8 20:21,0.223
2025/7/8 20:24,0.235
2025/7/8 20:27,0.227
2025/7/8 20:30,0.229
2025/7/8 20:33,0.221
2025/7/8 20:36,0.217
2025/7/8 20:39,0.217
2025/7/8 20:42,0.206
2025/7/8 20:45,0.199
2025/7/8 20:48,0.207
2025/7/8 20:51,0.202
2025/7/8 20:54,0.201
2025/7/8 20:57,0.201
2025/7/8 21:00,0.193
2025/7/8 21:03,0.194
2025/7/8 21:06,0.192
2025/7/8 21:09,0.181
2025/7/8 21:12,0.176
2025/7/8 21:15,0.176
2025/7/8 21:18,0.192
2025/7/8 21:21,0.212
2025/7/8 21:24,0.207
2025/7/8 21:27,0.203
2025/7/8 21:30,0.192
2025/7/8 21:33,0.179
2025/7/8 21:36,0.181
2025/7/8 21:39,0.182
2025/7/8 21:42,0.161
2025/7/8 21:45,0.165
2025/7/8 21:48,0.18
2025/7/8 21:51,0.188
2025/7/8 21:54,0.193
2025/7/8 21:57,0.19
2025/7/8 22:00,0.174
2025/7/8 22:03,0.162
2025/7/8 22:06,0.165
2025/7/8 22:09,0.172
2025/7/8 22:12,0.168
2025/7/8 22:15,0.155
2025/7/8 22:18,0.159
2025/7/8 22:21,0.161
2025/7/8 22:24,0.143
2025/7/8 22:27,0.155
2025/7/8 22:30,0.155
2025/7/8 22:33,0.15
2025/7/8 22:36,0.153
2025/7/8 22:39,0.154
2025/7/8 22:42,0.157
2025/7/8 22:45,0.146
2025/7/8 22:48,0.14
2025/7/8 22:51,0.136
2025/7/8 22:54,0.134
2025/7/8 22:57,0.132
2025/7/8 23:00,0.125
2025/7/8 23:03,0.114
2025/7/8 23:06,0.119
2025/7/8 23:09,0.104
2025/7/8 23:12,0.111
2025/7/8 23:15,0.123
2025/7/8 23:18,0.114
2025/7/8 23:21,0.106
2025/7/8 23:24,0.097
2025/7/8 23:27,0.098
2025/7/8 23:30,0.101
2025/7/8 23:33,0.114
2025/7/8 23:36,0.112
2025/7/8 23:39,0.122
2025/7/8 23:42,0.118
2025/7/8 23:45,0.107
2025/7/8 23:48,0.108
2025/7/8 23:51,0.097
2025/7/8 23:54,0.099
2025/7/8 23:57,0.081
2025/7/9 0:00,0.079
2025/7/9 0:03,0.082
2025/7/9 0:06,0.074
2025/7/9 0:09,0.075
2025/7/9 0:12,0.077
2025/7/9 0:15,0.076
2025/7/9 0:18,0.09
2025/7/9 0:21,0.108
2025/7/9 0:24,0.093
2025/7/9 0:27,0.078
2025/7/9 0:30,0.079
2025/7/9 0:33,0.067
2025/7/9 0:36,0.063
2025/7/9 0:39,0.074
2025/7/9 0:42,0.073
2025/7/9 0:45,0.07
2025/7/9 0:48,0.075
2025/7/9 0:51,0.082
2025/7/9 0:54,0.08
2025/7/9 0:57,0.076
2025/7/9 1:00,0.073
2025/7/9 1:03,0.077
2025/7/9 1:06,0.074
2025/7/9 1:09,0.066
2025/7/9 1:12,0.064
2025/7/9 1:15,0.064
2025/7/9 1:18,0.066
2025/7/9 1:21,0.073
2025/7/9 1:24,0.07
2025/7/9 1:27,0.075
2025/7/9 1:30,0.065
2025/7/9 1:33,0.058
2025/7/9 1:36,0.047
2025/7/9 1:39,0.06
2025/7/9 1:42,0.042
2025/7/9 1:45,0.046
2025/7/9 1:48,0.067
2025/7/9 1:51,0.053
2025/7/9 1:54,0.054
2025/7/9 1:57,0.059
2025/7/9 2:00,0.067
2025/7/9 2:03,0.068
2025/7/9 2:06,0.073
2025/7/9 2:09,0.067
2025/7/9 2:12,0.075
2025/7/9 2:15,0.062
2025/7/9 2:18,0.071
2025/7/9 2:21,0.056
2025/7/9 2:24,0.043
2025/7/9 2:27,0.052
2025/7/9 2:30,0.045
2025/7/9 2:33,0.06
2025/7/9 2:36,0.049
2025/7/9 2:39,0.071
2025/7/9 2:42,0.077
2025/7/9 2:45,0.072
2025/7/9 2:48,0.073
2025/7/9 2:51,0.073
2025/7/9 2:54,0.064
2025/7/9 2:57,0.065
2025/7/9 3:00,0.074
2025/7/9 3:03,0.074
2025/7/9 3:06,0.075
2025/7/9 3:09,0.069
2025/7/9 3:12,0.067
2025/7/9 3:15,0.065
2025/7/9 3:18,0.059
2025/7/9 3:21,0.061
2025/7/9 3:24,0.053
2025/7/9 3:27,0.062
2025/7/9 3:30,0.066
2025/7/9 3:33,0.095
2025/7/9 3:36,0.084
2025/7/9 3:39,0.086
2025/7/9 3:42,0.082
2025/7/9 3:45,0.071
2025/7/9 3:48,0.07
2025/7/9 3:51,0.073
2025/7/9 3:54,0.064
2025/7/9 3:57,0.075
2025/7/9 4:00,0.078
2025/7/9 4:03,0.091
2025/7/9 4:06,0.104
2025/7/9 4:09,0.094
2025/7/9 4:12,0.088
2025/7/9 4:15,0.092
2025/7/9 4:18,0.084
2025/7/9 4:21,0.097
2025/7/9 4:24,0.098
2025/7/9 4:27,0.1
2025/7/9 4:30,0.089
2025/7/9 4:33,0.101
2025/7/9 4:36,0.109
2025/7/9 4:39,0.114
2025/7/9 4:42,0.116
2025/7/9 4:45,0.107
2025/7/9 4:48,0.104
2025/7/9 4:51,0.117
2025/7/9 4:54,0.112
2025/7/9 4:57,0.117
2025/7/9 5:00,0.114
2025/7/9 5:03,0.127
2025/7/9 5:06,0.123
2025/7/9 5:09,0.132
2025/7/9 5:12,0.135
2025/7/9 5:15,0.125
2025/7/9 5:18,0.116
2025/7/9 5:21,0.124
2025/7/9 5:24,0.116
2025/7/9 5:27,0.118
2025/7/9 5:30,0.121
2025/7/9 5:33,0.109
2025/7/9 5:36,0.13
2025/7/9 5:39,0.138
2025/7/9 5:42,0.137
2025/7/9 5:45,0.143
2025/7/9 5:48,0.135
2025/7/9 5:51,0.148
2025/7/9 5:54,0.147
2025/7/9 5:57,0.141
2025/7/9 6:00,0.135
2025/7/9 6:03,0.123
2025/7/9 6:06,0.132
2025/7/9 6:09,0.133
2025/7/9 6:12,0.13
2025/7/9 6:15,0.133
2025/7/9 6:18,0.14
2025/7/9 6:21,0.14
2025/7/9 6:24,0.136
2025/7/9 6:27,0.135
2025/7/9 6:30,0.13
2025/7/9 6:33,0.139
2025/7/9 6:36,0.15
2025/7/9 6:39,0.142
2025/7/9 6:42,0.151
2025/7/9 6:45,0.163
2025/7/9 6:48,0.154
2025/7/9 6:51,0.154
2025/7/9 6:54,0.151
2025/7/9 6:57,0.14
2025/7/9 7:00,0.143
2025/7/9 7:03,0.139
2025/7/9 7:06,0.135
2025/7/9 7:09,0.138
2025/7/9 7:12,0.156
2025/7/9 7:15,0.157
2025/7/9 7:18,0.149
2025/7/9 7:21,0.157
2025/7/9 7:24,0.146
2025/7/9 7:27,0.167
2025/7/9 7:30,0.17
2025/7/9 7:33,0.16
2025/7/9 7:36,0.161
2025/7/9 7:39,0.15
2025/7/9 7:42,0.138
2025/7/9 7:45,0.115
2025/7/9 7:48,0.128
2025/7/9 7:51,0.126
2025/7/9 7:54,0.137
2025/7/9 7:57,0.13
2025/7/9 8:00,0.146
2025/7/9 8:03,0.145
2025/7/9 8:06,0.145
2025/7/9 8:09,0.143
2025/7/9 8:12,0.138
2025/7/9 8:15,0.135
2025/7/9 8:18,0.132
2025/7/9 8:21,0.14
2025/7/9 8:24,0.137
2025/7/9 8:27,0.133
2025/7/9 8:30,0.142
2025/7/9 8:33,0.142
2025/7/9 8:36,0.148
2025/7/9 8:39,0.126
2025/7/9 8:42,0.105
2025/7/9 8:45,0.114
2025/7/9 8:48,0.106
2025/7/9 8:51,0.114
2025/7/9 8:54,0.121
2025/7/9 8:57,0.13
2025/7/9 9:00,0.131
2025/7/9 9:03,0.118
2025/7/9 9:06,0.127
2025/7/9 9:09,0.112
2025/7/9 9:12,0.106
2025/7/9 9:15,0.114
2025/7/9 9:18,0.097
2025/7/9 9:21,0.085
2025/7/9 9:24,0.09
2025/7/9 9:27,0.086
2025/7/9 9:30,0.095
2025/7/9 9:33,0.097
2025/7/9 9:36,0.103
2025/7/9 9:39,0.1
2025/7/9 9:42,0.086
2025/7/9 9:45,0.074
2025/7/9 9:48,0.086
2025/7/9 9:51,0.079
2025/7/9 9:54,0.085
2025/7/9 9:57,0.082
2025/7/9 10:00,0.065
2025/7/9 10:03,0.074
2025/7/9 10:06,0.056
2025/7/9 10:09,0.045
2025/7/9 10:12,0.044
2025/7/9 10:15,0.055
2025/7/9 10:18,0.065
2025/7/9 10:21,0.065
2025/7/9 10:24,0.059
2025/7/9 10:27,0.056
2025/7/9 10:30,0.051
2025/7/9 10:33,0.052
2025/7/9 10:36,0.052
2025/7/9 10:39,0.036
2025/7/9 10:42,0.043
2025/7/9 10:45,0.034
2025/7/9 10:48,0.034
2025/7/9 10:51,0.037
2025/7/9 10:54,0.027
2025/7/9 10:57,0.018
2025/7/9 11:00,0.014
2025/7/9 11:03,0.016
2025/7/9 11:06,0.012
2025/7/9 11:09,0.014
2025/7/9 11:12,0.011
2025/7/9 11:15,0.014
2025/7/9 11:18,0.012
2025/7/9 11:21,0.018
2025/7/9 11:24,0.019
2025/7/9 11:27,0.016
2025/7/9 11:30,0.02
2025/7/9 11:33,0.003
2025/7/9 11:36,-0.008
2025/7/9 11:39,-0.006
2025/7/9 11:42,0.001
2025/7/9 11:45,-0.013
2025/7/9 11:48,-0.012
2025/7/9 11:51,-0.024
2025/7/9 11:54,-0.022
2025/7/9 11:57,-0.021
2025/7/9 12:00,-0.013
2025/7/9 12:03,-0.008
2025/7/9 12:06,-0.016
2025/7/9 12:09,-0.006
2025/7/9 12:12,-0.015
2025/7/9 12:15,-0.03
2025/7/9 12:18,-0.023
2025/7/9 12:21,-0.03
2025/7/9 12:24,-0.033
2025/7/9 12:27,-0.025
2025/7/9 12:30,-0.032
2025/7/9 12:33,-0.03
2025/7/9 12:36,-0.036
2025/7/9 12:39,-0.041
2025/7/9 12:42,-0.049
2025/7/9 12:45,-0.052
2025/7/9 12:48,-0.039
2025/7/9 12:51,-0.039
2025/7/9 12:54,-0.037
2025/7/9 12:57,-0.037
2025/7/9 13:00,-0.033
2025/7/9 13:03,-0.027
2025/7/9 13:06,-0.034
2025/7/9 13:09,-0.034
2025/7/9 13:12,-0.042
2025/7/9 13:15,-0.042
2025/7/9 13:18,-0.045
2025/7/9 13:21,-0.031
2025/7/9 13:24,-0.052
2025/7/9 13:27,-0.045
2025/7/9 13:30,-0.057
2025/7/9 13:33,-0.051
2025/7/9 13:36,-0.048
2025/7/9 13:39,-0.034
2025/7/9 13:42,-0.043
2025/7/9 13:45,-0.048
2025/7/9 13:48,-0.037
2025/7/9 13:51,-0.036
2025/7/9 13:54,-0.033
2025/7/9 13:57,-0.039
2025/7/9 14:00,-0.042
2025/7/9 14:03,-0.035
2025/7/9 14:06,-0.033
2025/7/9 14:09,-0.028
2025/7/9 14:12,-0.036
2025/7/9 14:15,-0.045
2025/7/9 14:18,-0.031
2025/7/9 14:21,-0.027
2025/7/9 14:24,-0.03
2025/7/9 14:27,-0.03
2025/7/9 14:30,-0.041
2025/7/9 14:33,-0.043
2025/7/9 14:36,-0.034
2025/7/9 14:39,-0.03
2025/7/9 14:42,-0.018
2025/7/9 14:45,-0.025
2025/7/9 14:48,-0.027
2025/7/9 14:51,-0.021
2025/7/9 14:54,-0.031
2025/7/9 14:57,-0.012
2025/7/9 15:00,-0.022
2025/7/9 15:03,-0.02
2025/7/9 15:06,-0.029
2025/7/9 15:09,-0.031
2025/7/9 15:12,-0.033
2025/7/9 15:15,-0.03
2025/7/9 15:18,-0.024
2025/7/9 15:21,-0.016
2025/7/9 15:24,-0.01
2025/7/9 15:27,-0.015
2025/7/9 15:30,0
2025/7/9 15:33,0.003
2025/7/9 15:36,-0.005
2025/7/9 15:39,-0.001
2025/7/9 15:42,0.007
2025/7/9 15:45,0
2025/7/9 15:48,0.007
2025/7/9 15:51,0
2025/7/9 15:54,0.011
2025/7/9 15:57,0.01
2025/7/9 16:00,0.009
2025/7/9 16:03,0.009
2025/7/9 16:06,0.009
2025/7/9 16:09,0.016
2025/7/9 16:12,0.021
2025/7/9 16:15,0.024
2025/7/9 16:18,0.031
2025/7/9 16:21,0.029
2025/7/9 16:24,0.027
2025/7/9 16:27,0.031
2025/7/9 16:30,0.035
2025/7/9 16:33,0.041
2025/7/9 16:36,0.048
2025/7/9 16:39,0.047
2025/7/9 16:42,0.041
2025/7/9 16:45,0.038
2025/7/9 16:48,0.039
2025/7/9 16:51,0.042
2025/7/9 16:54,0.04
2025/7/9 16:57,0.046
2025/7/9 17:00,0.042
2025/7/9 17:03,0.052
2025/7/9 17:06,0.053
2025/7/9 17:09,0.05
2025/7/9 17:12,0.054
2025/7/9 17:15,0.056
2025/7/9 17:18,0.059
2025/7/9 17:21,0.066
2025/7/9 17:24,0.072
2025/7/9 17:27,0.076
2025/7/9 17:30,0.078
2025/7/9 17:33,0.094
2025/7/9 17:36,0.103
2025/7/9 17:39,0.102
2025/7/9 17:42,0.104
2025/7/9 17:45,0.104
2025/7/9 17:48,0.098
2025/7/9 17:51,0.084
2025/7/9 17:54,0.102
2025/7/9 17:57,0.11
2025/7/9 18:00,0.118
2025/7/9 18:03,0.109
2025/7/9 18:06,0.111
2025/7/9 18:09,0.102
2025/7/9 18:12,0.119
2025/7/9 18:15,0.112
2025/7/9 18:18,0.122
2025/7/9 18:21,0.119
2025/7/9 18:24,0.118
2025/7/9 18:27,0.121
2025/7/9 18:30,0.135
2025/7/9 18:33,0.144
2025/7/9 18:36,0.145
2025/7/9 18:39,0.16
2025/7/9 18:42,0.154
2025/7/9 18:45,0.156
2025/7/9 18:48,0.15
2025/7/9 18:51,0.146
2025/7/9 18:54,0.141
2025/7/9 18:57,0.139
2025/7/9 19:00,0.141
2025/7/9 19:03,0.169
2025/7/9 19:06,0.178
2025/7/9 19:09,0.177
2025/7/9 19:12,0.177
2025/7/9 19:15,0.176
2025/7/9 19:18,0.175
2025/7/9 19:21,0.173
2025/7/9 19:24,0.159
2025/7/9 19:27,0.167
2025/7/9 19:30,0.175
2025/7/9 19:33,0.188
2025/7/9 19:36,0.183
2025/7/9 19:39,0.171
2025/7/9 19:42,0.169
2025/7/9 19:45,0.17
2025/7/9 19:48,0.167
2025/7/9 19:51,0.165
2025/7/9 19:54,0.171
2025/7/9 19:57,0.188
2025/7/9 20:00,0.196
2025/7/9 20:03,0.206
2025/7/9 20:06,0.209
2025/7/9 20:09,0.21
2025/7/9 20:12,0.212
2025/7/9 20:15,0.211
2025/7/9 20:18,0.199
2025/7/9 20:21,0.202
2025/7/9 20:24,0.2
2025/7/9 20:27,0.2
2025/7/9 20:30,0.194
2025/7/9 20:33,0.204
2025/7/9 20:36,0.208
2025/7/9 20:39,0.187
2025/7/9 20:42,0.177
2025/7/9 20:45,0.178
2025/7/9 20:48,0.188
2025/7/9 20:51,0.197
2025/7/9 20:54,0.212
2025/7/9 20:57,0.211
2025/7/9 21:00,0.21
2025/7/9 21:03,0.199
2025/7/9 21:06,0.186
2025/7/9 21:09,0.193
2025/7/9 21:12,0.191
2025/7/9 21:15,0.2
2025/7/9 21:18,0.199
2025/7/9 21:21,0.202
2025/7/9 21:24,0.199
2025/7/9 21:27,0.188
2025/7/9 21:30,0.196
2025/7/9 21:33,0.179
2025/7/9 21:36,0.184
2025/7/9 21:39,0.181
2025/7/9 21:42,0.183
2025/7/9 21:45,0.174
2025/7/9 21:48,0.17
2025/7/9 21:51,0.182
2025/7/9 21:54,0.185
2025/7/9 21:57,0.19
2025/7/9 22:00,0.183
2025/7/9 22:03,0.178
2025/7/9 22:06,0.177
2025/7/9 22:09,0.161
2025/7/9 22:12,0.167
2025/7/9 22:15,0.161
2025/7/9 22:18,0.17
2025/7/9 22:21,0.171
2025/7/9 22:24,0.169
2025/7/9 22:27,0.152
2025/7/9 22:30,0.143
2025/7/9 22:33,0.148
2025/7/9 22:36,0.152
2025/7/9 22:39,0.145
2025/7/9 22:42,0.147
2025/7/9 22:45,0.153
2025/7/9 22:48,0.149
2025/7/9 22:51,0.154
2025/7/9 22:54,0.147
2025/7/9 22:57,0.134
2025/7/9 23:00,0.126
2025/7/9 23:03,0.128
2025/7/9 23:06,0.124
2025/7/9 23:09,0.114
2025/7/9 23:12,0.115
2025/7/9 23:15,0.117
2025/7/9 23:18,0.124
2025/7/9 23:21,0.12
2025/7/9 23:24,0.124
2025/7/9 23:27,0.112
2025/7/9 23:30,0.109
2025/7/9 23:33,0.102
2025/7/9 23:36,0.101
2025/7/9 23:39,0.097
2025/7/9 23:42,0.09
2025/7/9 23:45,0.1
2025/7/9 23:48,0.104
2025/7/9 23:51,0.095
2025/7/9 23:54,0.088
2025/7/9 23:57,0.082
2025/7/10 0:00,0.08
